year_month,time_x,MSL_filtered_GIA_TPA_corrected_adjusted,chlor_a,sst_anomaly,sst_anomaly_filtered,trend_MSL_filtered_GIA_TPA_corrected_adjusted,value,time_y,greenland_mass_antarctica,uncertainty_antarctica,greenland_mass_greenland,uncertainty_greenland
1982-01,1982-01-15 00:00:00,,,-0.22812633,,,,,,,,
1982-02,1982-02-15 00:00:00,,,-0.25176266,,,,,,,,
1982-03,1982-03-15 00:00:00,,,-0.63939565,,,,,,,,
1982-04,1982-04-15 00:00:00,,,-0.82847565,,,,,,,,
1982-05,1982-05-15 00:00:00,,,-1.3471369,,,,,,,,
1982-06,1982-06-15 00:00:00,,,-0.6126541,,,,,,,,
1982-07,1982-07-15 00:00:00,,,-0.7548428,,,,,,,,
1982-08,1982-08-15 00:00:00,,,-1.3676598,,,,,,,,
1982-09,1982-09-15 00:00:00,,,-1.008956,,,,,,,,
1982-10,1982-10-15 00:00:00,,,-0.62887037,,,,,,,,
1982-11,1982-11-15 00:00:00,,,-0.6465659,,,,,,,,
1982-12,1982-12-15 00:00:00,,,-1.286453,,,,,,,,
1983-01,1983-01-15 00:00:00,,,-1.2434199,-0.99098366,,,,,,,
1983-02,1983-02-15 00:00:00,,,-1.307278,-1.0156205,,,,,,,
1983-03,1983-03-15 00:00:00,,,-1.23066,-1.0341288,,,,,,,
1983-04,1983-04-15 00:00:00,,,-1.2063545,-1.0424277,,,,,,,
1983-05,1983-05-15 00:00:00,,,-1.0644214,-1.0594907,,,,,,,
1983-06,1983-06-15 00:00:00,,,-1.5580952,-1.1118072,,,,,,,
1983-07,1983-07-15 00:00:00,,,-0.6521346,-1.1778748,,,,,,,
1983-08,1983-08-15 00:00:00,,,-1.5232941,-1.2231166,,,,,,,
1983-09,1983-09-15 00:00:00,,,-1.210948,-1.2572497,,,,,,,
1983-10,1983-10-15 00:00:00,,,-1.0692927,-1.2913964,,,,,,,
1983-11,1983-11-15 00:00:00,,,-0.8669899,-1.3072218,,,,,,,
1983-12,1983-12-15 00:00:00,,,-0.9860611,-1.2856736,,,,,,,
1984-01,1984-01-15 00:00:00,,,-0.7556451,-1.2541541,,,,,,,
1984-02,1984-02-15 00:00:00,,,-0.9068118,-1.2245597,,,,,,,
1984-03,1984-03-15 00:00:00,,,-0.87274235,-1.1958174,,,,,,,
1984-04,1984-04-15 00:00:00,,,-0.9934783,-1.175391,,,,,,,
1984-05,1984-05-15 00:00:00,,,-2.0011597,-1.1677396,,,,,,,
1984-06,1984-06-15 00:00:00,,,-2.469822,-1.1532793,,,,,,,
1984-07,1984-07-15 00:00:00,,,-2.068923,-1.1430491,,,,,,,
1984-08,1984-08-15 00:00:00,,,-2.2251863,-1.1403985,,,,,,,
1984-09,1984-09-15 00:00:00,,,-1.7898159,-1.1233208,,,,,,,
1984-10,1984-10-15 00:00:00,,,-1.4870524,-1.1025554,,,,,,,
1984-11,1984-11-15 00:00:00,,,-0.5479987,-1.0848985,,,,,,,
1984-12,1984-12-15 00:00:00,,,-0.35070962,-1.0652864,,,,,,,
1985-01,1985-01-15 00:00:00,,,-0.6662275,-1.0395648,,,,,,,
1985-02,1985-02-15 00:00:00,,,-0.46393755,-1.0192568,,,,,,,
1985-03,1985-03-15 00:00:00,,,-0.69436985,-1.0008935,,,,,,,
1985-04,1985-04-15 00:00:00,,,-0.76218027,-0.97993964,,,,,,,
1985-05,1985-05-15 00:00:00,,,-1.1413311,-0.93244326,,,,,,,
1985-06,1985-06-15 00:00:00,,,-0.78708535,-0.86758834,,,,,,,
1985-07,1985-07-15 00:00:00,,,-0.932097,-0.81968784,,,,,,,
1985-08,1985-08-15 00:00:00,,,-1.1161029,-0.7688557,,,,,,,
1985-09,1985-09-15 00:00:00,,,-0.79840916,-0.7076791,,,,,,,
1985-10,1985-10-15 00:00:00,,,-0.4850916,-0.65383804,,,,,,,
1985-11,1985-11-15 00:00:00,,,-0.6036622,-0.63139755,,,,,,,
1985-12,1985-12-15 00:00:00,,,-0.30800557,-0.63504046,,,,,,,
1986-01,1986-01-15 00:00:00,,,-0.19906712,-0.6435652,,,,,,,
1986-02,1986-02-15 00:00:00,,,-0.4886032,-0.65686744,,,,,,,
1986-03,1986-03-15 00:00:00,,,-0.4095139,-0.6696043,,,,,,,
1986-04,1986-04-15 00:00:00,,,-0.45092162,-0.6845093,,,,,,,
1986-05,1986-05-15 00:00:00,,,-0.26389003,-0.71239173,,,,,,,
1986-06,1986-06-15 00:00:00,,,-1.0940533,-0.7549666,,,,,,,
1986-07,1986-07-15 00:00:00,,,-1.1454694,-0.77939254,,,,,,,
1986-08,1986-08-15 00:00:00,,,-0.7086968,-0.78036654,,,,,,,
1986-09,1986-09-15 00:00:00,,,-0.3698283,-0.7617724,,,,,,,
1986-10,1986-10-15 00:00:00,,,-0.32267,-0.73569083,,,,,,,
1986-11,1986-11-15 00:00:00,,,-0.6352371,-0.73035103,,,,,,,
1986-12,1986-12-15 00:00:00,,,-0.43833014,-0.7381006,,,,,,,
1987-01,1987-01-15 00:00:00,,,-0.98779494,-0.74103296,,,,,,,
1987-02,1987-02-15 00:00:00,,,-0.78087693,-0.7281713,,,,,,,
1987-03,1987-03-15 00:00:00,,,-0.98880035,-0.717973,,,,,,,
1987-04,1987-04-15 00:00:00,,,-1.1831886,-0.7162138,,,,,,,
1987-05,1987-05-15 00:00:00,,,-2.05868,-0.7207686,,,,,,,
1987-06,1987-06-15 00:00:00,,,-1.9133308,-0.7294781,,,,,,,
1987-07,1987-07-15 00:00:00,,,-0.9782973,-0.7195513,,,,,,,
1987-08,1987-08-15 00:00:00,,,-1.1166549,-0.6996757,,,,,,,
1987-09,1987-09-15 00:00:00,,,0.09466213,-0.70263845,,,,,,,
1987-10,1987-10-15 00:00:00,,,-0.12624775,-0.7216711,,,,,,,
1987-11,1987-11-15 00:00:00,,,-0.7061961,-0.73370403,,,,,,,
1987-12,1987-12-15 00:00:00,,,-0.57745,-0.7501472,,,,,,,
1988-01,1988-01-15 00:00:00,,,-0.07037752,-0.7591819,,,,,,,
1988-02,1988-02-15 00:00:00,,,6.814039e-05,-0.75306326,,,,,,,
1988-03,1988-03-15 00:00:00,,,-0.40866753,-0.7403202,,,,,,,
1988-04,1988-04-15 00:00:00,,,-0.36732748,-0.7099248,,,,,,,
1988-05,1988-05-15 00:00:00,,,-0.5661117,-0.66499174,,,,,,,
1988-06,1988-06-15 00:00:00,,,-1.2098905,-0.6290915,,,,,,,
1988-07,1988-07-15 00:00:00,,,-0.5531465,-0.621072,,,,,,,
1988-08,1988-08-15 00:00:00,,,-0.34698886,-0.6180948,,,,,,,
1988-09,1988-09-15 00:00:00,,,-0.8737485,-0.6313651,,,,,,,
1988-10,1988-10-15 00:00:00,,,-0.7323155,-0.6741816,,,,,,,
1988-11,1988-11-15 00:00:00,,,-0.80317366,-0.69278055,,,,,,,
1988-12,1988-12-15 00:00:00,,,-1.0596662,-0.67863226,,,,,,,
1989-01,1989-01-15 00:00:00,,,-0.8001245,-0.6680515,,,,,,,
1989-02,1989-02-15 00:00:00,,,-0.6748527,-0.66454244,,,,,,,
1989-03,1989-03-15 00:00:00,,,-0.48315698,-0.6532406,,,,,,,
1989-04,1989-04-15 00:00:00,,,-0.22985247,-0.63895255,,,,,,,
1989-05,1989-05-15 00:00:00,,,-0.85522854,-0.618534,,,,,,,
1989-06,1989-06-15 00:00:00,,,-1.3935717,-0.59953755,,,,,,,
1989-07,1989-07-15 00:00:00,,,-1.1131189,-0.59992397,,,,,,,
1989-08,1989-08-15 00:00:00,,,-0.83893013,-0.6146186,,,,,,,
1989-09,1989-09-15 00:00:00,,,-0.82003623,-0.6244879,,,,,,,
1989-10,1989-10-15 00:00:00,,,-1.2667401,-0.60746783,,,,,,,
1989-11,1989-11-15 00:00:00,,,-0.4584551,-0.5688312,,,,,,,
1989-12,1989-12-15 00:00:00,,,-0.14607319,-0.5258565,,,,,,,
1990-01,1990-01-15 00:00:00,,,0.0061240965,-0.48622862,,,,,,,
1990-02,1990-02-15 00:00:00,,,0.092001125,-0.4584608,,,,,,,
1990-03,1990-03-15 00:00:00,,,0.04188634,-0.44474444,,,,,,,
1990-04,1990-04-15 00:00:00,,,-0.13205425,-0.4479466,,,,,,,
1990-05,1990-05-15 00:00:00,,,0.17870535,-0.47966042,,,,,,,
1990-06,1990-06-15 00:00:00,,,-1.0428786,-0.5141234,,,,,,,
1990-07,1990-07-15 00:00:00,,,-0.7387067,-0.53140044,,,,,,,
1990-08,1990-08-15 00:00:00,,,-0.86676973,-0.54050237,,,,,,,
1990-09,1990-09-15 00:00:00,,,-0.8276939,-0.5324167,,,,,,,
1990-10,1990-10-15 00:00:00,,,0.038592037,-0.5015146,,,,,,,
1990-11,1990-11-15 00:00:00,,,0.28047863,-0.48643598,,,,,,,
1990-12,1990-12-15 00:00:00,,,-0.08053232,-0.50681496,,,,,,,
1991-01,1991-01-15 00:00:00,,,0.12287934,-0.540909,,,,,,,
1991-02,1991-02-15 00:00:00,,,-0.26500258,-0.5773135,,,,,,,
1991-03,1991-03-15 00:00:00,,,-0.23462059,-0.61479944,,,,,,,
1991-04,1991-04-15 00:00:00,,,-0.6320935,-0.6522616,,,,,,,
1991-05,1991-05-15 00:00:00,,,-1.9752501,-0.6969487,,,,,,,
1991-06,1991-06-15 00:00:00,,,-1.927773,-0.7351374,,,,,,,
1991-07,1991-07-15 00:00:00,,,-1.4082153,-0.7585332,,,,,,,
1991-08,1991-08-15 00:00:00,,,-0.9807282,-0.75681096,,,,,,,
1991-09,1991-09-15 00:00:00,,,-0.29012412,-0.7368524,,,,,,,
1991-10,1991-10-15 00:00:00,,,-0.31335187,-0.7442781,,,,,,,
1991-11,1991-11-15 00:00:00,,,-0.6880691,-0.7702345,,,,,,,
1991-12,1991-12-15 00:00:00,,,-0.89464974,-0.7906902,,,,,,,
1992-01,1992-01-15 00:00:00,,,-0.881815,-0.81327003,,,,,,,
1992-02,1992-02-15 00:00:00,,,-0.76747566,-0.8346134,,,,,,,
1992-03,1992-03-15 00:00:00,,,-0.8979622,-0.85438186,,,,,,,
1992-04,1992-04-15 00:00:00,,,-0.99038875,-0.86836535,,,,,,,
1992-05,1992-05-15 00:00:00,,,-1.1079419,-0.8376227,,,,,,,
1992-06,1992-06-15 00:00:00,,,-1.5892892,-0.77000004,,,,,,,
1992-07,1992-07-15 00:00:00,,,-1.3152927,-0.72743905,,,,,,,
1992-08,1992-08-15 00:00:00,,,-0.2075164,-0.71335,,,,,,,
1992-09,1992-09-15 00:00:00,,,-0.52893746,-0.7115399,,,,,,,
1992-10,1992-10-15 00:00:00,,,-0.6165956,-0.7226361,,,,,,,
1992-11,1992-11-15 00:00:00,,,-0.31024238,-0.7199616,,,,,,,
1992-12,1992-12-15 00:00:00,,,-0.47168425,-0.6937293,,,,,,,
1993-01,1993-01-15 00:00:00,-1.9917211774193548,,-0.56980157,-0.6571095,2.0097913677419355,,,,,,
1993-02,1993-02-14 12:00:00,-0.9555542307142858,,-0.59680223,-0.6290498,2.028430410714285,,,,,,
1993-03,1993-03-15 00:00:00,0.3165272445280645,,-0.8517075,-0.59777164,2.0470787548387097,,,,,,
1993-04,1993-04-15 00:00:00,1.54954417,,-0.68621457,-0.56001514,2.0663687366666665,,,,,,
1993-05,1993-05-15 00:00:00,2.083285283870968,,-0.44548175,-0.5268568,2.085668483870968,,,,,,
1993-06,1993-06-15 00:00:00,1.8555350066666667,,-0.21165407,-0.49317023,2.1049779666666666,,,,,,
1993-07,1993-07-15 00:00:00,1.6532283129032257,,-1.0814059,-0.45216516,2.124297251612904,,,,,,
1993-08,1993-08-15 00:00:00,1.9429423548387093,,-0.6312645,-0.41645998,2.1439431483870965,,,,,,
1993-09,1993-09-15 00:00:00,2.319861883333333,,-0.5527031,-0.38773978,2.16328205,,,,,,
1993-10,1993-10-15 00:00:00,2.242018612903226,,-0.5833898,-0.3515057,2.1826307064516133,,,,,,
1993-11,1993-11-15 00:00:00,1.7886251633333332,,-0.28965306,-0.32642168,2.2019890600000003,,,,,,
1993-12,1993-12-15 00:00:00,1.3726301838709678,,-0.033914845,-0.31601796,2.2213571774193546,,,,,,
1994-01,1994-01-15 00:00:00,1.1712367580645162,,0.015197843,-0.3123637,2.2410527967741936,,,,,,
1994-02,1994-02-14 12:00:00,1.152731692857143,,-0.3176202,-0.30234522,2.2598046785714287,,,,,,
1994-03,1994-03-15 00:00:00,1.3355997161290325,,0.15353203,-0.2768632,2.2785658193548386,,,,,,
1994-04,1994-04-15 00:00:00,1.7514926333333334,,-0.2295729,-0.25798893,2.2979724533333337,,,,,,
1994-05,1994-05-15 00:00:00,2.172367274193548,,-0.27715597,-0.25949436,2.3173888258064514,,,,,,
1994-06,1994-06-15 00:00:00,2.215872553333333,,-0.8031197,-0.26971132,2.336814896666666,,,,,,
1994-07,1994-07-15 00:00:00,1.9166400677419355,,-0.13321926,-0.2558065,2.3562507838709674,,,,,,
1994-08,1994-08-15 00:00:00,1.737862370967742,,0.32425886,-0.22499338,2.376015235483872,,,,,,
1994-09,1994-09-15 00:00:00,1.8487728966666663,,0.31785786,-0.2173526,2.3954707633333334,,,,,,
1994-10,1994-10-15 00:00:00,2.044964235483871,,0.27584445,-0.22250254,2.4149359967741937,,,,,,
1994-11,1994-11-15 00:00:00,2.1730231033333336,,0.001350793,-0.23684995,2.4344109866666668,,,,,,
1994-12,1994-12-15 00:00:00,2.231730529032258,,-0.28389925,-0.26141742,2.453895751612903,,,,,,
1995-01,1995-01-15 00:00:00,2.097922803225807,,-0.5821823,-0.2743496,2.473709883870968,,,,,,
1995-02,1995-02-14 12:00:00,1.6604427249999998,,-0.1035341,-0.27263027,2.492574575,,,,,,
1995-03,1995-03-15 00:00:00,1.1427696074193547,,-0.121838786,-0.28347465,2.511448525806452,,,,,,
1995-04,1995-04-15 00:00:00,0.986073157,,-0.5101178,-0.3053673,2.53097173,,,,,,
1995-05,1995-05-15 00:00:00,1.4211065645161292,,-0.69383955,-0.31481153,2.550504741935484,,,,,,
1995-06,1995-06-15 00:00:00,2.09344176,,-0.453711,-0.30763575,2.5700474766666668,,,,,,
1995-07,1995-07-15 00:00:00,2.333919177419355,,-0.17191732,-0.31885576,2.5895999548387096,,,,,,
1995-08,1995-08-15 00:00:00,1.8808414548387096,,-0.061723,-0.3591497,2.6094829548387097,,,,,,
1995-09,1995-09-15 00:00:00,1.4601525700000002,,-0.7554871,-0.41107813,2.629055043333333,,,,,,
1995-10,1995-10-15 00:00:00,2.187958329032258,,-0.62780344,-0.4791817,2.648636983870968,,,,,,
1995-11,1995-11-15 00:00:00,4.287329369999999,,-0.9339152,-0.5352326,2.6682285566666666,,,,,,
1995-12,1995-12-15 00:00:00,6.614800819354838,,-0.56889176,-0.55787253,2.687829938709678,,,,,,
1996-01,1996-01-15 00:00:00,7.637807054838709,,-0.07056928,-0.547491,2.7077626032258064,,,,,,
1996-02,1996-02-15 00:00:00,6.976854696551724,,-0.14932531,-0.52705467,2.7270618551724137,,,,,,
1996-03,1996-03-15 00:00:00,5.483842216129032,,-0.53529304,-0.5133426,2.746370622580645,,,,,,
1996-04,1996-04-15 00:00:00,4.094911773333333,,-0.5915945,-0.5074921,2.766010773333333,,,,,,
1996-05,1996-05-15 00:00:00,3.088496651612904,,-0.36845773,-0.49833345,2.785660716129032,,,,,,
1996-06,1996-06-15 00:00:00,2.3240857966666666,,-0.36738136,-0.47865885,2.8053203666666664,,,,,,
1996-07,1996-07-15 00:00:00,1.8404621870967743,,-1.107518,-0.48312166,2.824989825806452,,,,,,
1996-08,1996-08-15 00:00:00,1.872796367741936,,-0.63555086,-0.51224643,2.844991658064516,,,,,,
1996-09,1996-09-15 00:00:00,2.6511088133333334,,-1.2148973,-0.5241287,2.864680696666667,,,,,,
1996-10,1996-10-15 00:00:00,4.266658706451612,,-1.4603727,-0.51305276,2.8843795612903222,,,,,,
1996-11,1996-11-15 00:00:00,6.237456033333333,,-0.9528745,-0.495062,2.90408809,,,,,,
1996-12,1996-12-15 00:00:00,7.286822558064516,,-0.41638938,-0.47905877,2.9238064322580644,,,,,,
1997-01,1997-01-15 00:00:00,6.276663,,0.04862059,-0.46920797,2.9438579612903224,,,,,,
1997-02,1997-02-14 12:00:00,3.861124578571428,,0.2466054,-0.45749494,2.962948546428571,,,,,,
1997-03,1997-03-15 00:00:00,1.859179177419355,,0.18620019,-0.4369218,2.982048383870968,,,,,,
1997-04,1997-04-15 00:00:00,1.59056522,,-0.5373309,-0.41303438,3.00180514,,,,,,
1997-05,1997-05-15 00:00:00,2.724056906451613,,-0.22701088,-0.40244594,3.0215717741935486,,,,,,
1997-06,1997-06-01 00:00:00,3.618306146666667,,0.023839757,-0.3999368,3.0413480366666668,,,,,,
1997-07,1997-07-01 00:00:00,3.444320325806452,,-0.8636821,-0.37936518,3.061134077419355,,,,,,
1997-08,1997-08-01 00:00:00,2.986539158064516,,-0.767948,-0.3473614,3.081254467741936,,,,,,
1997-09,1997-09-01 00:00:00,3.3836978066666665,0.053406797,-0.6196088,-0.31379902,3.1010601033333334,,,,,,
1997-10,1997-10-01 00:00:00,4.740027725806451,0.056052394,-0.23203817,-0.27215236,3.120875590322581,,,,,,
1997-11,1997-11-01 00:00:00,6.0900958266666665,0.0778316,-0.4661237,-0.2343736,3.1407007533333333,,,,,,
1997-12,1997-12-01 00:00:00,6.446326083870967,0.11560899,-0.26852834,-0.22097145,3.1605356967741933,,,,,,
1998-01,1998-01-01 00:00:00,5.709399629032258,0.12050937,0.10190604,-0.2278221,3.1807057612903225,,,,,,
1998-02,1998-02-01 00:00:00,4.646826810714286,0.113974266,0.24042451,-0.24354497,3.1999091571428573,,,,,,
1998-03,1998-03-01 00:00:00,3.909810206451613,0.09945272,0.06246801,-0.2618871,3.219121787096774,,,,,,
1998-04,1998-04-01 00:00:00,3.691788403333333,0.07292001,-0.042759567,-0.26328465,3.238995183333333,,,,,,
1998-05,1998-05-01 00:00:00,3.818340983870968,0.061651018,-0.40904826,-0.24505337,3.2588783806451613,,,,,,
1998-06,1998-06-01 00:00:00,4.0475655900000005,0.04890375,-0.20635064,-0.22775036,3.27877127,,,,,,
1998-07,1998-07-01 00:00:00,4.275083874193548,0.043851405,-0.28111133,-0.20813282,3.2986739612903224,,,,,,
1998-08,1998-08-01 00:00:00,4.453354461290322,0.04591523,0.07422394,-0.17510112,3.318912887096774,,,,,,
1998-09,1998-09-01 00:00:00,4.462435753333334,0.044533223,-0.31367767,-0.13209556,3.3388351966666665,,,,,,
1998-10,1998-10-01 00:00:00,4.034831877419355,0.05443832,-0.3625533,-0.092181556,3.358767222580645,,,,,,
1998-11,1998-11-01 00:00:00,3.1281556566666664,0.06553571,-0.23731269,-0.059217285,3.37870902,,,,,,
1998-12,1998-12-01 00:00:00,2.2678097225806453,0.11596314,-0.4886483,-0.03863166,3.398660583870968,,,,,,
1999-01,1999-01-01 00:00:00,2.191873796774193,0.1285174,-0.20795126,-0.044240076,3.418949193548387,,,,,,
1999-02,1999-02-01 00:00:00,3.050028303571428,0.121917725,-0.25152057,-0.06273124,3.4382653535714285,,,,,,
1999-03,1999-03-01 00:00:00,4.157213938709678,0.11741349,-0.1960961,-0.07994444,3.457590787096774,,,,,,
1999-04,1999-04-01 00:00:00,4.606406023333333,0.07452423,-0.22211713,-0.09164085,3.47758081,,,,,,
1999-05,1999-05-01 00:00:00,4.179651909677419,0.059606448,0.33287698,-0.07642375,3.4975806548387096,,,,,,
1999-06,1999-06-01 00:00:00,3.61044368,0.05300641,0.29449588,-0.049104095,3.5175901533333334,,,,,,
1999-07,1999-07-01 00:00:00,3.5956754322580644,0.050302986,-0.19269624,-0.047181763,3.537609464516129,,,,,,
1999-08,1999-08-01 00:00:00,3.993985803225807,0.04730195,0.14658783,-0.069160424,3.5579669,,,,,,
1999-09,1999-09-01 00:00:00,4.047904636666667,0.04868165,0.5301224,-0.08365803,3.5780058366666667,,,,,,
1999-10,1999-10-01 00:00:00,3.3665277709677417,0.05338912,0.5341026,-0.08870528,3.598054525806452,,,,,,
1999-11,1999-11-01 00:00:00,2.340843503333333,0.08253831,0.3500204,-0.09087041,3.61811291,,,,,,
1999-12,1999-12-01 00:00:00,1.797948306451613,0.1136137,-0.09656227,-0.07110007,3.638181116129032,,,,,,
2000-01,2000-01-01 00:00:00,2.44319394516129,0.13225316,-0.33926415,-0.050087187,3.658588241935484,,,,,,
2000-02,2000-02-01 00:00:00,4.056595355172414,0.123989895,-0.20598148,-0.0362889,3.678346634482759,,,,,,
2000-03,2000-03-01 00:00:00,5.617260883870968,0.10755994,-0.31735918,-0.012858881,3.698114541935484,,,,,,
2000-04,2000-04-01 00:00:00,5.994427446666666,0.0822113,-0.22436018,0.007984687,3.718221483333333,,,,,,
2000-05,2000-05-01 00:00:00,4.8908736,0.05970958,0.50297326,-0.0019668627,3.738338235483871,,,,,,
2000-06,2000-06-01 00:00:00,3.17555488,0.049402244,0.19297132,-0.034776434,3.7584647166666665,,,,,,
2000-07,2000-07-01 00:00:00,1.8397442193548388,0.044724926,-0.5881615,-0.057433765,3.778600970967742,,,,,,
2000-08,2000-08-01 00:00:00,1.2752921483870967,0.047696587,-0.6737014,-0.068158925,3.7990772548387097,,,,,,
2000-09,2000-09-01 00:00:00,1.5422601066666668,0.04737789,-0.2616377,-0.08910227,3.819233133333333,,,,,,
2000-10,2000-10-01 00:00:00,2.688621622580645,0.059663903,-0.6568609,-0.102142215,3.83939874516129,,,,,,
2000-11,2000-11-01 00:00:00,4.638805813333334,0.07404179,-0.046931725,-0.10522514,3.859574086666667,,,,,,
2000-12,2000-12-01 00:00:00,6.736365696774193,0.092500426,0.269947,-0.1196557,3.879759222580645,,,,,,
2001-01,2001-01-01 00:00:00,7.875325361290322,0.119775325,0.042072054,-0.12853488,3.900285219354839,,,,,,
2001-02,2001-02-01 00:00:00,7.514099649999999,0.123583585,0.16077395,-0.12234905,3.919827292857143,,,,,,
2001-03,2001-03-01 00:00:00,6.074163793548387,0.084399685,0.5162502,-0.102580085,3.9393786516129032,,,,,,
2001-04,2001-04-01 00:00:00,4.358067259999999,0.06457805,0.06602786,-0.086296365,3.959602223333333,,,,,,
2001-05,2001-05-01 00:00:00,3.117620116129032,0.055868283,-0.4329424,-0.09521047,3.979835619354839,,,,,,
2001-06,2001-06-01 00:00:00,2.661385273333333,0.04633715,-0.51454425,-0.1114467,4.00007868,,,,,,
2001-07,2001-07-01 00:00:00,3.003020429032258,0.04563097,-0.47120786,-0.10400407,4.020331503225807,,,,,,
2001-08,2001-08-01 00:00:00,3.6953471387096775,0.044580996,-0.08970818,-0.08936572,4.040926374193549,,,,,,
2001-09,2001-09-01 00:00:00,3.81161415,0.045348987,-0.23886226,-0.087636285,4.061198846666667,,,,,,
2001-10,2001-10-01 00:00:00,2.844864051612903,0.04966025,0.67716974,-0.08340874,4.081481132258065,,,,,,
2001-11,2001-11-01 00:00:00,1.3857247503333334,0.0751781,0.058973175,-0.078151494,4.1017730666666665,,,,,,
2001-12,2001-12-01 00:00:00,0.8021402003225806,0.11523552,-0.49818212,-0.08268747,4.122074816129032,,,,,,
2002-01,2002-01-01 00:00:00,1.902345029032258,0.11993101,-0.36384532,-0.082504764,4.142719338709677,,,,,,
2002-02,2002-02-01 00:00:00,3.8114041857142857,0.11917742,0.115519874,-0.08647181,4.162374217857143,,,,,,
2002-03,2002-03-01 00:00:00,5.070233380645162,0.097392604,0.31004977,-0.11171662,4.1820383612903225,,,,,,
2002-04,2002-04-01 00:00:00,4.847435746666666,0.08215042,-0.07015039,-0.14049593,4.2023785600000005,,2002.29,0.0,134.71,0.0,134.71
2002-05,2002-05-01 00:00:00,3.636647625806452,0.058099475,-0.079113536,-0.1308959,4.222728583870968,,2002.35,63.95,70.85,63.95,70.85
2002-06,2002-06-01 00:00:00,2.768631696666666,0.04796555,-0.004281014,-0.06999115,4.2430882966666665,,,,,,
2002-07,2002-07-01 00:00:00,2.9861534064516126,0.047704667,-0.033662856,0.001905346,4.263457738709678,,,,,,
2002-08,2002-08-01 00:00:00,4.00311975483871,0.04622452,-0.5255594,0.05718869,4.284171138709677,,2002.62,-215.57,53.55,-215.57,53.55
2002-09,2002-09-01 00:00:00,5.112626043333334,0.04743124,-0.32676676,0.08492411,4.30456024,,2002.71,-235.55,65.24,-235.55,65.24
2002-10,2002-10-01 00:00:00,5.957186303225806,0.0525415,-0.38880998,0.07244028,4.324959219354839,,2002.79,-201.92,39.23,-201.92,39.23
2002-11,2002-11-01 00:00:00,6.361416433333333,0.070258714,-0.06263454,0.051912062,4.3453676833333335,,2002.87,-204.0,35.96,-204.0,35.96
2002-12,2002-12-01 00:00:00,5.999447403225807,0.10207372,0.067923054,0.059526972,4.365786064516129,,2002.96,-182.74,36.9,-182.74,36.9
2003-01,2003-01-01 00:00:00,4.677212525806452,0.12688911,0.25286564,0.07041251,4.3865491064516124,,2003.04,-133.45,41.64,-133.45,41.64
2003-02,2003-02-01 00:00:00,2.966278482142857,0.12310367,-0.24043755,0.0604955,4.406316764285714,,2003.12,-146.34,29.91,-146.34,29.91
2003-03,2003-03-01 00:00:00,1.7164990129032258,0.10777639,-0.2942893,0.034707014,4.426093732258065,,2003.2,-80.33,26.07,-80.33,26.07
2003-04,2003-04-01 00:00:00,1.52486329,0.09036554,-0.5048391,0.014354667,4.44655055,,2003.29,-35.26,25.91,-35.26,25.91
2003-05,2003-05-01 00:00:00,2.236956148387097,0.059454855,0.5987256,-0.009541936,4.467017187096775,,2003.36,-30.59,28.36,-30.59,28.36
2003-06,2003-06-01 00:00:00,3.0684922266666663,0.05343473,1.3772157,-0.042576794,4.487493513333334,,,,,,
2003-07,2003-07-01 00:00:00,3.6244896967741935,0.047136955,1.0880638,-0.057924617,4.507979641935484,,2003.54,-205.52,21.35,-205.52,21.35
2003-08,2003-08-01 00:00:00,4.07202119032258,0.046134155,1.0046206,-0.05510842,4.528811487096774,,2003.62,-342.11,22.11,-342.11,22.11
2003-09,2003-09-01 00:00:00,4.488353356666667,0.04985385,-0.0018907067,-0.050828308,4.549317186666667,,2003.71,-384.83,22.42,-384.83,22.42
2003-10,2003-10-01 00:00:00,4.713353596774193,0.05891715,-0.15902571,-0.039949805,4.569832716129032,,2003.79,-381.6,22.85,-381.6,22.85
2003-11,2003-11-01 00:00:00,4.7659501,0.07805288,-0.09018594,-0.021243658,4.590357876666667,,2003.87,-382.66,22.59,-382.66,22.59
2003-12,2003-12-01 00:00:00,4.859951706451613,0.1051792,0.016492713,-0.013619083,4.610892919354838,,2003.96,-344.78,22.43,-344.78,22.43
2004-01,2004-01-01 00:00:00,5.136981112903226,0.14127356,-0.35601425,-0.02127592,4.631774503225807,,2004.02,-367.2,26.06,-367.2,26.06
2004-02,2004-02-01 00:00:00,5.458497675862069,0.14329201,-0.36832786,-0.034995172,4.651992044827587,,2004.13,-372.04,22.62,-372.04,22.62
2004-03,2004-03-01 00:00:00,5.4865195290322575,0.13883735,-0.4439498,-0.045470845,4.672219112903226,,2004.21,-352.48,21.16,-352.48,21.16
2004-04,2004-04-01 00:00:00,5.016014636666667,0.08857714,-0.29306346,-0.051931713,4.692792893333333,,2004.29,-293.52,21.2,-293.52,21.2
2004-05,2004-05-01 00:00:00,4.27378990967742,0.06580769,-1.0032375,-0.0683945,4.713376412903226,,2004.37,-312.53,21.45,-312.53,21.45
2004-06,2004-06-01 00:00:00,3.755116996666666,0.051433634,-0.66583025,-0.11033384,4.73396968,,2004.46,-329.17,21.32,-329.17,21.32
2004-07,2004-07-01 00:00:00,3.844442141935484,0.049974747,-0.10880911,-0.16071291,4.754572748387097,,2004.54,-426.31,19.19,-426.31,19.19
2004-08,2004-08-01 00:00:00,4.507013106451613,0.045165826,-0.3152358,-0.2177255,4.77552345483871,,2004.62,-548.97,19.97,-548.97,19.97
2004-09,2004-09-01 00:00:00,5.0848141,0.048888918,-0.33164498,-0.26025683,4.796146163333334,,2004.71,-589.65,20.94,-589.65,20.94
2004-10,2004-10-01 00:00:00,4.7648025419354845,0.053299304,0.13823654,-0.27146873,4.816778577419354,,2004.79,-608.21,18.9,-608.21,18.9
2004-11,2004-11-01 00:00:00,3.460498536666667,0.08187654,0.30821392,-0.2751451,4.837420730000001,,2004.87,-567.89,20.65,-567.89,20.65
2004-12,2004-12-01 00:00:00,2.182899522580645,0.10519013,0.06305418,-0.2860423,4.858072648387097,,2004.96,-543.99,20.66,-543.99,20.66
2005-01,2005-01-01 00:00:00,2.064302216129032,0.11929302,-0.109793685,-0.2987397,4.879073103225807,,2005.04,-555.32,19.66,-555.32,19.66
2005-02,2005-02-01 00:00:00,3.168806585714286,0.12298301,-0.53630227,-0.3038871,4.899066692857143,,2005.12,-532.35,20.57,-532.35,20.57
2005-03,2005-03-01 00:00:00,4.625039180645161,0.122342885,-0.5012568,-0.30809775,4.919069538709677,,2005.2,-486.59,20.63,-486.59,20.63
2005-04,2005-04-01 00:00:00,5.5015915233333335,0.09160226,-0.60799325,-0.3046731,4.939759876666667,,2005.29,-480.97,20.45,-480.97,20.45
2005-05,2005-05-01 00:00:00,5.542520177419355,0.059979435,-0.088334076,-0.27407408,4.960460116129032,,2005.37,-446.13,20.67,-446.13,20.67
2005-06,2005-06-01 00:00:00,5.242366700000001,0.05272238,0.05118744,-0.2434992,4.981169956666666,,2005.46,-490.37,21.02,-490.37,21.02
2005-07,2005-07-01 00:00:00,4.89731280967742,0.047774956,-0.004103559,-0.22771011,5.0018896290322585,,2005.54,-617.13,20.2,-617.13,20.2
2005-08,2005-08-01 00:00:00,4.403393006451613,0.04646097,-0.6398165,-0.21746252,5.022958958064517,,2005.62,-804.47,19.98,-804.47,19.98
2005-09,2005-09-01 00:00:00,3.674366843333333,0.050489053,-0.39895752,-0.21919577,5.043698206666666,,2005.71,-870.19,19.83,-870.19,19.83
2005-10,2005-10-01 00:00:00,2.764577451612904,0.054166175,-0.30012894,-0.22183746,5.064447277419355,,2005.79,-862.45,19.61,-862.45,19.61
2005-11,2005-11-01 00:00:00,2.0104942066666665,0.06503911,-0.12554944,-0.23108204,5.08520603,,2005.87,-861.03,19.1,-861.03,19.1
2005-12,2005-12-01 00:00:00,2.105950848387097,0.10602897,-0.4712096,-0.23256937,5.105974641935484,,2005.96,-811.87,23.66,-811.87,23.66
2006-01,2006-01-01 00:00:00,3.525526735483871,0.10574273,-0.47778746,-0.21720283,5.127093616129033,,2006.04,-832.4,20.52,-832.4,20.52
2006-02,2006-02-01 00:00:00,5.5814332,0.13233282,-0.49362925,-0.18989025,5.147199957142857,,2006.12,-783.0,20.65,-783.0,20.65
2006-03,2006-03-01 00:00:00,7.066387383870968,0.12925802,-0.52076006,-0.15421386,5.167315580645161,,2006.2,-762.38,20.37,-762.38,20.37
2006-04,2006-04-01 00:00:00,7.120365383333334,0.090321645,-0.051868822,-0.1154036,5.1881225933333335,,2006.29,-791.29,20.77,-791.29,20.77
2006-05,2006-05-01 00:00:00,6.046339209677419,0.061956853,0.22432023,-0.080158524,5.208939412903225,,2006.37,-781.92,20.53,-781.92,20.53
2006-06,2006-06-01 00:00:00,5.11874128,0.05275185,-0.42579362,-0.05985216,5.229765913333334,,2006.45,-793.26,22.31,-793.26,22.31
2006-07,2006-07-01 00:00:00,5.183136732258065,0.0487044,0.40903094,-0.05109613,5.250602183870968,,2006.54,-874.86,22.17,-874.86,22.17
2006-08,2006-08-01 00:00:00,5.901804735483871,0.043712635,-0.34119165,-0.042138204,5.271790038709677,,2006.62,-1002.95,20.64,-1002.95,20.64
2006-09,2006-09-01 00:00:00,6.1394565100000005,0.044916358,-0.3888853,-0.03454477,5.292645926666666,,2006.71,-1061.0,21.89,-1061.0,21.89
2006-10,2006-10-01 00:00:00,5.260642535483871,0.053087994,0.068675704,-0.032666896,5.31351165483871,381.32666666666665,2006.79,-1048.62,21.51,-1048.62,21.51
2006-11,2006-11-01 00:00:00,3.764204603333333,0.06792609,-0.06596494,-0.039557464,5.334386993333334,384.568,2006.87,-1077.74,20.97,-1077.74,20.97
2006-12,2006-12-01 00:00:00,2.8386578161290323,0.08416958,0.36584163,-0.04578281,5.355272216129032,385.715,2006.96,-1089.12,21.52,-1089.12,21.52
2007-01,2007-01-01 00:00:00,3.1873757548387096,0.1100332,0.32501215,-0.033881184,5.376509658064516,386.7625,2007.04,-1055.55,22.2,-1055.55,22.2
2007-02,2007-02-01 00:00:00,4.2449894892857145,0.120105304,0.33989573,-0.011213461,5.396728853571429,386.9825,2007.12,-1010.39,21.6,-1010.39,21.6
2007-03,2007-03-01 00:00:00,5.05472215483871,0.10465824,0.33501217,0.016779454,5.416957274193549,388.074,2007.2,-1018.77,20.92,-1018.77,20.92
2007-04,2007-04-01 00:00:00,5.274960423333334,0.079845205,0.41863024,0.036515232,5.437880983333333,387.4766666666667,2007.29,-1008.41,21.45,-1008.41,21.45
2007-05,2007-05-01 00:00:00,5.245974922580645,0.062349737,0.5768059,0.03800332,5.458814367741935,386.294,2007.37,-998.27,21.08,-998.27,21.08
2007-06,2007-06-01 00:00:00,5.30142835,0.05593414,0.360753,0.04903038,5.479757443333333,386.0825,2007.45,-1016.49,21.34,-1016.49,21.34
2007-07,2007-07-01 00:00:00,5.18223654516129,0.046265293,0.1066203,0.06215218,5.500710383870968,379.4625,2007.54,-1145.45,21.13,-1145.45,21.13
2007-08,2007-08-01 00:00:00,4.54282623548387,0.044252437,-0.32055992,0.069524705,5.522016780645162,381.668,2007.62,-1341.38,22.65,-1341.38,22.65
2007-09,2007-09-01 00:00:00,3.5975954266666665,0.045396,-0.35372928,0.09140558,5.54298924,379.08,2007.71,-1404.13,22.21,-1404.13,22.21
2007-10,2007-10-01 00:00:00,2.829680019354839,0.052674644,-0.2552192,0.096823104,5.563971558064516,383.92,2007.79,-1425.91,22.93,-1425.91,22.93
2007-11,2007-11-01 00:00:00,2.392840206666667,0.07959219,-0.5012066,0.09395207,5.584963556666667,386.46,2007.87,-1406.6,23.76,-1406.6,23.76
2007-12,2007-12-01 00:00:00,2.32341235483871,0.11241622,-0.39436895,0.09046443,5.605965332258064,392.535,2007.96,-1346.43,22.52,-1346.43,22.52
2008-01,2008-01-01 00:00:00,2.9195972193548387,0.12497138,0.016649911,0.07339419,5.627321416129032,389.276,2008.04,-1306.29,22.61,-1306.29,22.61
2008-02,2008-02-01 00:00:00,4.267850034482759,0.115188405,0.09998407,0.058128446,5.647998093103449,389.78,2008.12,-1324.15,24.23,-1324.15,24.23
2008-03,2008-03-01 00:00:00,5.950932374193548,0.11119062,0.22928654,0.038596805,5.668684316129032,389.835,2008.21,-1274.87,22.61,-1274.87,22.61
2008-04,2008-04-01 00:00:00,7.123922726666667,0.0818547,0.14540188,0.013834499,5.689724896666666,390.55,2008.29,-1295.58,24.49,-1295.58,24.49
2008-05,2008-05-01 00:00:00,7.17860235483871,0.055728983,0.09847787,-0.0035658926,5.710775209677419,388.494,2008.37,-1309.28,23.37,-1309.28,23.37
2008-06,2008-06-01 00:00:00,6.358483096666666,0.051168155,0.22934747,-0.004747109,5.731835323333333,387.6575,2008.46,-1311.58,22.35,-1311.58,22.35
2008-07,2008-07-01 00:00:00,5.374946119354839,0.046680138,0.38373622,0.004169018,5.752905225806451,382.848,2008.54,-1458.16,23.18,-1458.16,23.18
2008-08,2008-08-01 00:00:00,4.839889003225807,0.042037137,0.03798422,0.02304041,5.774330325806452,381.4,2008.62,-1619.23,22.62,-1619.23,22.62
2008-09,2008-09-01 00:00:00,4.7499062,0.043387417,0.28222078,0.05054213,5.79541985,382.8325,2008.71,-1682.94,22.45,-1682.94,22.45
2008-10,2008-10-01 00:00:00,4.79834536451613,0.05258711,-0.34238923,0.07238046,5.816519106451612,384.308,2008.79,-1669.4,22.3,-1669.4,22.3
2008-11,2008-11-01 00:00:00,5.012035156666667,0.071524605,0.20729037,0.08250865,5.837627983333333,387.06,2008.87,-1598.63,23.83,-1598.63,23.83
2008-12,2008-12-01 00:00:00,5.429150667741935,0.11899726,-0.074820474,0.09167024,5.858746770967742,389.0575,2008.96,-1526.92,23.2,-1526.92,23.2
2009-01,2009-01-01 00:00:00,5.812612790322581,0.14406097,-0.053697135,0.10234083,5.880221661290323,390.1025,2009.04,-1505.57,23.07,-1505.57,23.07
2009-02,2009-02-01 00:00:00,5.831063964285714,0.13185135,-0.014150711,0.10671797,5.9006667,393.74,2009.12,-1550.43,23.57,-1550.43,23.57
2009-03,2009-03-01 00:00:00,5.616183229032258,0.120546296,-0.24846007,0.10750209,5.921121061290323,392.06666666666666,2009.2,-1551.18,23.06,-1551.18,23.06
2009-04,2009-04-01 00:00:00,5.703380853333333,0.09284977,-0.1864883,0.1182442,5.942278246666667,391.848,2009.29,-1533.57,21.1,-1533.57,21.1
2009-05,2009-05-01 00:00:00,6.3708040225806455,0.060108732,0.34670562,0.13180271,5.963445225806452,388.95,2009.37,-1517.26,20.91,-1517.26,20.91
2009-06,2009-06-01 00:00:00,7.126968156666667,0.048957083,0.5341549,0.1287967,5.984621903333333,387.2925,2009.46,-1523.36,20.57,-1523.36,20.57
2009-07,2009-07-01 00:00:00,7.172155616129032,0.045269176,0.36119252,0.12679242,6.005808374193548,384.484,2009.54,-1633.23,22.02,-1633.23,22.02
2009-08,2009-08-01 00:00:00,6.284126370967742,0.04173687,0.33069462,0.13272783,6.0273522,384.01,2009.62,-1841.58,20.97,-1841.58,20.97
2009-09,2009-09-01 00:00:00,5.556951443333333,0.0463811,0.31509888,0.12994167,6.048558203333333,382.98333333333335,2009.71,-1894.76,20.09,-1894.76,20.09
2009-10,2009-10-01 00:00:00,6.206482309677419,0.057311233,0.12419236,0.13091159,6.069774125806451,386.47,2009.79,-1866.95,20.7,-1866.95,20.7
2009-11,2009-11-01 00:00:00,8.560290556666667,0.08158698,-0.3944649,0.13077866,6.090999633333333,388.1333333333334,2009.87,-1846.92,20.6,-1846.92,20.6
2009-12,2009-12-01 00:00:00,11.642542983870968,0.11245394,-0.061354578,0.13078324,6.1122350419354845,391.025,2009.96,-1822.76,20.35,-1822.76,20.35
2010-01,2010-01-01 00:00:00,13.668425612903224,0.13421172,0.19582413,0.14674054,6.133828451612904,391.43,2010.04,-1821.86,20.08,-1821.86,20.08
2010-02,2010-02-01 00:00:00,13.412240125,0.14612976,0.13091244,0.16704255,6.1543863142857145,393.2275,2010.12,-1798.05,19.91,-1798.05,19.91
2010-03,2010-03-01 00:00:00,11.343056161290324,0.14318547,0.23599595,0.18924254,6.17495345483871,394.5025,2010.2,-1787.96,21.09,-1787.96,21.09
2010-04,2010-04-01 00:00:00,8.935582616666666,0.084989965,0.65431404,0.21856573,6.1962273,394.48,2010.29,-1815.11,19.2,-1815.11,19.2
2010-05,2010-05-01 00:00:00,7.603814354838709,0.060146596,0.24037407,0.2341019,6.217510864516129,391.0566666666667,2010.37,-1787.14,19.51,-1787.14,19.51
2010-06,2010-06-01 00:00:00,7.432774506666666,0.052976083,-0.056837164,0.2257134,6.2388042200000005,390.655,2010.45,-1893.93,23.57,-1893.93,23.57
2010-07,2010-07-01 00:00:00,7.7129723,0.049593993,0.5737148,0.21520023,6.260107248387097,386.706,2010.54,-2066.96,20.44,-2066.96,20.44
2010-08,2010-08-01 00:00:00,8.094029712903227,0.046181247,0.13290605,0.20302145,6.281769535483871,384.6775,2010.62,-2257.0,19.58,-2257.0,19.58
2010-09,2010-09-01 00:00:00,8.827925833333333,0.047830313,0.053562857,0.20344648,6.303092236666667,396.504,2010.71,-2353.05,20.34,-2353.05,20.34
2010-10,2010-10-01 00:00:00,10.05270206451613,0.06070355,-0.06717515,0.21067002,6.324424783870968,390.1133333333333,2010.79,-2319.62,21.89,-2319.62,21.89
2010-11,2010-11-01 00:00:00,11.070812766666668,0.08407782,-0.0743047,0.21351467,6.345766866666667,391.75,2010.87,-2339.68,23.03,-2339.68,23.03
2010-12,2010-12-01 00:00:00,10.919618306451614,0.13561842,0.20699519,0.22401461,6.367118929032258,394.77,2010.95,-2322.07,23.6,-2322.07,23.6
2011-01,2011-01-01 00:00:00,9.26230479032258,0.13242786,0.43043727,0.22644721,6.388830877419355,395.8675,,,,,
2011-02,2011-02-01 00:00:00,6.970358835714285,0.13956021,0.4762113,0.21523024,6.409501542857143,394.955,2011.13,-2296.91,26.61,-2296.91,26.61
2011-03,2011-03-01 00:00:00,5.213225158064517,0.1203731,0.32677767,0.2011223,6.4301814967741935,398.7025,2011.2,-2284.49,24.62,-2284.49,24.62
2011-04,2011-04-01 00:00:00,4.805760723333333,0.075055875,0.64578706,0.18330483,6.451571889999999,397.2466666666666,2011.29,-2283.34,23.78,-2283.34,23.78
2011-05,2011-05-01 00:00:00,5.637374993548387,0.062358346,0.26016676,0.17682007,6.472972187096775,392.67333333333335,2011.37,-2302.29,23.03,-2302.29,23.03
2011-06,2011-06-01 00:00:00,6.700157813333333,0.051019646,0.21804547,0.20004626,6.494382066666666,394.945,,,,,
2011-07,2011-07-01 00:00:00,7.111295319354839,0.048880022,0.17266983,0.2255746,6.515801796774193,388.835,2011.54,-2490.56,24.39,-2490.56,24.39
2011-08,2011-08-01 00:00:00,6.562850638709677,0.044373076,-0.06536437,0.24599202,6.537582625806452,388.0466666666666,2011.62,-2684.62,22.86,-2684.62,22.86
2011-09,2011-09-01 00:00:00,5.4505936,0.04678161,0.73155946,0.2631134,6.55902193,387.0625,2011.71,-2742.53,21.74,-2742.53,21.74
2011-10,2011-10-01 00:00:00,4.383172109677419,0.053937662,0.05446213,0.28766176,6.58047104516129,390.145,2011.79,-2763.5,20.88,-2763.5,20.88
2011-10,2011-10-01 00:00:00,4.383172109677419,0.053937662,0.05446213,0.28766176,6.58047104516129,390.145,2011.83,-2762.46,21.33,-2762.46,21.33
2011-11,2011-11-01 00:00:00,3.5505383,0.069676794,-0.18819202,0.32704383,6.601929803333333,393.6566666666667,,,,,
2011-12,2011-12-01 00:00:00,2.83763064516129,0.083855264,0.2363694,0.34615767,6.623398422580645,394.3,,,,,
2012-01,2012-01-01 00:00:00,2.438799551612904,0.115406126,0.014865076,0.34125757,6.645228964516129,396.69,2012.0,-2704.14,20.53,-2704.14,20.53
2012-01,2012-01-01 00:00:00,2.438799551612904,0.115406126,0.014865076,0.34125757,6.645228964516129,396.69,2012.04,-2711.82,19.57,-2711.82,19.57
2012-02,2012-02-01 00:00:00,2.9492477241379307,0.13045172,-0.22654271,0.3267687,6.66636478275862,400.535,2012.12,-2690.63,21.01,-2690.63,21.01
2012-03,2012-03-01 00:00:00,4.517788806451613,0.108305946,-0.08373,0.31110695,6.687510158064517,398.205,2012.21,-2645.24,19.3,-2645.24,19.3
2012-04,2012-04-01 00:00:00,6.36035285,0.076601565,0.11880097,0.2992642,6.709017533333333,,2012.26,-2634.25,23.2,-2634.25,23.2
2012-05,2012-05-01 00:00:00,7.278722603225806,0.05466895,0.4646192,0.29655758,6.730534677419355,395.51,,,,,
2012-06,2012-06-01 00:00:00,6.99171101,0.046348177,0.8337742,0.28381705,6.752061516666667,393.285,2012.46,-2667.13,21.24,-2667.13,21.24
2012-07,2012-07-01 00:00:00,6.439085258064517,0.043517243,0.90846425,0.264331,6.773598212903226,388.73,2012.54,-2899.21,20.2,-2899.21,20.2
2012-08,2012-08-01 00:00:00,6.5818952,0.040812,0.7781924,0.26522782,6.795497925806451,389.728,2012.62,-3206.86,20.12,-3206.86,20.12
2012-09,2012-09-01 00:00:00,7.21019648,0.044338085,0.23010314,0.25826785,6.817054146666666,391.8733333333333,2012.7,-3306.33,22.48,-3306.33,22.48
2012-10,2012-10-01 00:00:00,7.548674577419354,0.04820601,0.93460625,0.25183842,6.838620196774194,394.1033333333333,,,,,
2012-11,2012-11-01 00:00:00,7.444586086666666,0.0644347,0.8142528,0.2730431,6.860195906666666,397.8866666666667,2012.88,-3244.44,23.04,-3244.44,23.04
2012-12,2012-12-01 00:00:00,7.630305487096773,0.102026045,0.23590204,0.28491536,6.881781458064516,397.9433333333333,2012.96,-3227.67,20.98,-3227.67,20.98
2013-01,2013-01-01 00:00:00,8.618207983870967,0.115636714,0.16632558,0.29094726,6.903730793548387,401.38,2013.04,-3224.6,20.49,-3224.6,20.49
2013-02,2013-02-01 00:00:00,9.884462392857143,0.11422054,0.044857107,0.31738013,6.924627371428572,401.3625,2013.12,-3214.09,22.19,-3214.09,22.19
2013-03,2013-03-01 00:00:00,10.504636064516127,0.13977405,0.0063680583,0.34762096,6.945533264516128,400.4266666666667,,,,,
2013-04,2013-04-01 00:00:00,9.929045866666666,0.093568526,0.3977443,0.37444836,6.96715728,400.77,2013.3,-3219.93,22.91,-3219.93,22.91
2013-05,2013-05-01 00:00:00,8.538843429032259,0.06472899,0.3782913,0.38297218,6.988791048387097,399.615,2013.37,-3184.89,20.32,-3184.89,20.32
2013-06,2013-06-01 00:00:00,7.27666133,0.053404715,-0.51162374,0.3636206,7.01043448,396.47,2013.46,-3163.93,20.87,-3163.93,20.87
2013-07,2013-07-01 00:00:00,6.71354120967742,0.047424134,-0.032990396,0.3231236,7.0320878161290326,390.1925,2013.54,-3270.51,20.32,-3270.51,20.32
2013-08,2013-08-01 00:00:00,6.69043810967742,0.04242428,0.18334275,0.27830565,7.05410599032258,392.346,,,,,
2013-09,2013-09-01 00:00:00,6.56245907,0.045072768,0.14877322,0.2663569,7.07577886,391.38,,,,,
2013-10,2013-10-01 00:00:00,6.064133825806452,0.051595155,0.32863563,0.26791248,7.097461525806451,395.78,2013.79,-3338.57,20.23,-3338.57,20.23
2013-11,2013-11-01 00:00:00,5.596726816666666,0.06370073,0.5554593,0.25605828,7.11915393,397.9450000000001,2013.87,-3340.06,19.61,-3340.06,19.61
2013-12,2013-12-01 00:00:00,5.571185377419355,0.09620308,0.06258676,0.26260176,7.140856070967742,400.37000000000006,2013.96,-3327.11,19.27,-3327.11,19.27
2014-01,2014-01-01 00:00:00,5.991006558064517,0.113727994,0.47817904,0.28052,7.1629239290322575,401.615,2014.02,-3312.47,23.07,-3312.47,23.07
2014-02,2014-02-01 00:00:00,6.327038589285714,0.12476075,0.5789205,0.28793564,7.183933321428571,401.865,,,,,
2014-03,2014-03-01 00:00:00,6.311233470967742,0.10002508,0.5623667,0.29109251,7.204951980645161,405.28,2014.2,-3261.44,17.16,-3261.44,17.16
2014-04,2014-04-01 00:00:00,6.194592626666666,0.06446145,0.7604198,0.2854273,7.226692666666667,401.87,2014.29,-3251.53,17.55,-3251.53,17.55
2014-05,2014-05-01 00:00:00,6.484142709677419,0.05192976,0.2321437,0.28340724,7.248443016129032,400.55,2014.37,-3247.96,17.85,-3247.96,17.85
2014-06,2014-06-01 00:00:00,7.292297026666666,0.048097324,0.13737445,0.30495194,7.27020308,397.8966666666667,2014.45,-3284.46,19.38,-3284.46,19.38
2014-07,2014-07-01 00:00:00,8.176861187096774,0.045173142,-0.338993,0.34366602,7.291973012903226,393.99,,,,,
2014-08,2014-08-01 00:00:00,8.77078006451613,0.043071285,-0.12561211,0.38154316,7.314109751612904,390.725,2014.62,-3565.42,18.17,-3565.42,18.17
2014-09,2014-09-01 00:00:00,8.9293649,0.043970175,0.5603673,0.4102019,7.335899256666666,394.74,2014.71,-3597.92,17.57,-3597.92,17.57
2014-10,2014-10-01 00:00:00,8.537659241935485,0.051099114,0.679011,0.4252382,7.357698522580645,398.84,2014.79,-3582.97,16.74,-3582.97,16.74
2014-11,2014-11-01 00:00:00,7.560370036666667,0.06924905,0.5008455,0.4264328,7.379507476666666,400.6366666666666,2014.88,-3578.43,16.8,-3578.43,16.8
2014-12,2014-12-01 00:00:00,6.108960161290323,0.08819043,0.86339706,0.43492293,7.401326293548387,404.0,,,,,
2015-01,2015-01-01 00:00:00,4.557667958064516,0.13284153,0.39890537,0.4500871,7.423512674193549,402.3,2015.06,-3493.91,19.66,-3493.91,19.66
2015-02,2015-02-01 00:00:00,3.555064557142857,0.14111935,0.16822836,0.45802674,7.444634871428571,404.3975,2015.12,-3502.23,33.73,-3502.23,33.73
2015-03,2015-03-01 00:00:00,3.304770983870968,0.1270653,0.03452636,0.4629724,7.465766296774194,404.93,2015.2,-3456.58,15.13,-3456.58,15.13
2015-04,2015-04-01 00:00:00,3.74173538,0.08780883,0.09765646,0.46987265,7.487623549999999,404.355,2015.29,-3449.32,15.92,-3449.32,15.92
2015-04,2015-04-01 00:00:00,3.74173538,0.08780883,0.09765646,0.46987265,7.487623549999999,404.355,2015.32,-3446.06,17.03,-3446.06,17.03
2015-05,2015-05-01 00:00:00,4.6430123709677416,0.056592934,0.58141553,0.47262657,7.509490596774193,402.3175,,,,,
2015-06,2015-06-01 00:00:00,5.793701933333334,0.05073126,0.31939864,0.47389862,7.531367326666666,399.8775,,,,,
2015-07,2015-07-01 00:00:00,6.9989499483870965,0.04546138,0.99426305,0.4904194,7.5532538,399.304,2015.53,-3627.48,18.12,-3627.48,18.12
2015-08,2015-08-01 00:00:00,7.893310964516129,0.042798597,0.9741914,0.50237846,7.575509122580645,394.82,2015.62,-3762.11,17.56,-3762.11,17.56
2015-09,2015-09-01 00:00:00,8.141421333333334,0.04667045,0.7335448,0.49832088,7.597415203333333,396.3075,2015.7,-3801.6,19.36,-3801.6,19.36
2015-10,2015-10-01 00:00:00,7.864273806451613,0.056693498,0.4656052,0.4932464,7.619331112903226,400.6333333333334,,,,,
2015-11,2015-11-01 00:00:00,7.629857073333333,0.067990616,0.4758312,0.49410436,7.641256723333333,405.6725,,,,,
2015-12,2015-12-01 00:00:00,7.911012593548387,0.08691186,0.54974055,0.4924111,7.663192141935484,405.29,2015.98,-3741.63,20.12,-3741.63,20.12
2016-01,2016-01-01 00:00:00,8.593586225806453,0.123756185,0.71890545,0.48250133,7.685497106451613,406.3,2016.04,-3684.56,18.53,-3684.56,18.53
2016-02,2016-02-01 00:00:00,9.142080879310344,0.11640849,0.7192968,0.47843197,7.707092144827586,406.25666666666666,2016.12,-3706.25,17.43,-3706.25,17.43
2016-03,2016-03-01 00:00:00,9.25346793548387,0.10153781,0.6593832,0.49051264,7.7286966516129025,408.595,2016.21,-3704.86,17.57,-3704.86,17.57
2016-04,2016-04-01 00:00:00,9.0017748,0.06624408,0.9946157,0.5149594,7.750670813333333,407.525,,,,,
2016-05,2016-05-01 00:00:00,8.670432032258065,0.054993972,0.13013454,0.5307757,7.772654764516129,406.3025,2016.38,-3680.26,18.82,-3680.26,18.82
2016-06,2016-06-01 00:00:00,8.392656083333334,0.04908444,0.30044267,0.55343825,7.794648413333333,404.295,2016.46,-3675.72,17.84,-3675.72,17.84
2016-07,2016-07-01 00:00:00,8.17942920967742,0.04453429,0.29093504,0.5690391,7.816651932258064,399.346,2016.54,-3845.95,18.57,-3845.95,18.57
2016-08,2016-08-01 00:00:00,8.099307064516129,0.041074462,-0.18150365,0.55507654,7.839025958064516,398.775,2016.64,-4093.94,21.35,-4093.94,21.35
2016-09,2016-09-01 00:00:00,7.9491961,0.044182237,0.4214938,0.5319744,7.861049043333334,401.42,,,,,
2016-10,2016-10-01 00:00:00,7.272656632258065,0.049623393,0.5743105,0.50801474,7.8830819,406.1566666666667,,,,,
2016-11,2016-11-01 00:00:00,6.00923811,0.067649774,0.64672697,0.48534542,7.905124483333333,408.63,2016.91,-3963.74,41.53,-3963.74,41.53
2016-12,2016-12-01 00:00:00,4.761294138709677,0.08772393,0.63624024,0.45991877,7.927176787096775,408.785,2016.98,-4034.94,41.37,-4034.94,41.37
2017-01,2017-01-01 00:00:00,4.295464464516129,0.10265795,0.15039271,0.43643618,7.94960065483871,410.82,2017.06,-3986.68,41.37,-3986.68,41.37
2017-02,2017-02-01 00:00:00,4.811451075,0.116567805,0.2214122,0.41854504,7.970948703571429,410.3125,,,,,
2017-03,2017-03-01 00:00:00,5.89464225483871,0.108667515,0.5612142,0.4061366,7.99230605483871,410.8,,,,,
2017-04,2017-04-01 00:00:00,7.110141503333334,0.06341996,0.74441445,0.39862788,8.0143969,410.4975,2017.25,-3976.66,41.19,-3976.66,41.19
2017-04,2017-04-01 00:00:00,7.110141503333334,0.06341996,0.74441445,0.39862788,8.0143969,410.4975,2017.31,-3947.85,40.51,-3947.85,40.51
2017-05,2017-05-01 00:00:00,8.213112277419354,0.047775086,0.6938408,0.41833755,8.03649743548387,437.5833333333333,2017.36,-3938.88,39.68,-3938.88,39.68
2017-06,2017-06-01 00:00:00,9.129049883333332,0.042763967,1.2947748,0.4570323,8.058607683333333,405.97,2017.44,-3964.64,39.25,-3964.64,39.25
2017-07,2017-07-01 00:00:00,9.566317241935485,0.04110171,0.76772606,0.48220715,8.08072777419355,401.2775,,,,,
2017-08,2017-08-01 00:00:00,9.237089322580644,0.038708236,0.5305264,0.5134312,8.103220403225807,401.73333333333335,,,,,
2017-09,2017-09-01 00:00:00,8.306453620000001,0.043009143,0.0683065,0.547278,8.125360183333333,403.2425,,,,,
2017-10,2017-10-01 00:00:00,7.112711248387097,0.049137834,-0.019220712,0.55445427,8.147509629032259,406.56,,,,,
2017-11,2017-11-01 00:00:00,6.191212016666666,0.06900282,-0.12746896,0.5444219,8.169668699999999,409.31,,,,,
2017-12,2017-12-01 00:00:00,6.4604891645161295,0.10059889,-0.06743907,0.53192985,8.191837774193548,410.7925,,,,,
2018-01,2018-01-01 00:00:00,8.359457,0.1133823,0.20892107,0.5231787,8.214380161290322,412.165,,,,,
2018-02,2018-02-01 00:00:00,10.840791089285714,0.11359993,0.37050638,0.51708275,8.235840910714286,414.495,,,,,
2018-03,2018-03-01 00:00:00,12.369322322580643,0.1183139,0.41256884,0.5060732,8.257311096774194,412.316,,,,,
2018-04,2018-04-01 00:00:00,12.07162065,0.08470753,0.88101125,0.48306534,8.279518516666666,414.7833333333333,,,,,
2018-05,2018-05-01 00:00:00,10.591894612903223,0.061154287,1.1898038,0.44187826,8.301735725806452,412.762,,,,,
2018-06,2018-06-01 00:00:00,9.437680266666666,0.050694123,1.0981207,0.40291202,8.323962683333333,407.082,2018.45,-4006.58,30.38,-4006.58,30.38
2018-07,2018-07-01 00:00:00,9.235869403225808,0.04618063,0.7016495,0.39350122,8.346199338709678,406.1975,2018.52,-4040.45,28.68,-4040.45,28.68
2018-08,2018-08-01 00:00:00,9.47907229032258,0.044194583,0.9065369,0.39825818,8.368810548387097,403.0475,,,,,
2018-09,2018-09-01 00:00:00,9.45308905,0.045566246,0.95809793,0.40731445,8.391066833333333,405.93,,,,,
2018-10,2018-10-01 00:00:00,9.174562951612904,0.057599097,0.38216755,0.43248755,8.413332967741935,407.406,2018.83,-4229.73,27.89,-4229.73,27.89
2018-11,2018-11-01 00:00:00,8.94647595,0.078270815,0.3573182,0.46466064,8.435608733333334,411.155,2018.87,-4193.4,24.83,-4193.4,24.83
2018-12,2018-12-01 00:00:00,8.767390887096774,0.1032457,0.32602903,0.4923735,8.457894258064517,411.9875,2018.96,-4161.96,23.82,-4161.96,23.82
2019-01,2019-01-01 00:00:00,8.469614774193548,0.113783024,0.040548917,0.5061814,8.480555241935484,415.8,2019.04,-4162.86,23.4,-4162.86,23.4
2019-02,2019-02-01 00:00:00,7.985648471428571,0.12673278,0.038649835,0.51220727,8.502128803571429,414.1,2019.12,-4192.45,23.83,-4192.45,23.83
2019-03,2019-03-01 00:00:00,7.462354245161291,0.11192774,0.21551818,0.51723194,8.523711838709678,415.34,2019.2,-4205.46,23.28,-4205.46,23.28
2019-04,2019-04-01 00:00:00,7.236177373333334,0.08375601,-0.014266283,0.50924486,8.546035816666667,415.81,2019.29,-4196.68,23.02,-4196.68,23.02
2019-05,2019-05-01 00:00:00,7.521464577419355,0.059563316,-0.5244574,0.49216518,8.568369612903226,413.028,2019.37,-4156.48,23.13,-4156.48,23.13
2019-06,2019-06-01 00:00:00,8.011444396666667,0.049924076,0.64269334,0.45721248,8.590713166666667,412.4775,2019.45,-4228.33,23.24,-4228.33,23.24
2019-07,2019-07-01 00:00:00,8.22749464516129,0.04358109,0.9680891,0.42464292,8.613066532258065,407.2025,2019.54,-4414.43,22.99,-4414.43,22.99
2019-08,2019-08-01 00:00:00,8.222896822580644,0.04193352,0.5584977,0.41170678,8.635796129032258,406.608,2019.62,-4668.23,23.14,-4668.23,23.14
2019-09,2019-09-01 00:00:00,8.607338533333332,0.04431241,0.4750358,0.400612,8.658169266666667,407.0425,2019.71,-4780.08,23.3,-4780.08,23.3
2019-10,2019-10-01 00:00:00,9.459429919354838,0.049179975,0.78235894,0.39596522,8.680551887096774,411.06666666666666,2019.79,-4771.12,22.9,-4771.12,22.9
2019-11,2019-11-01 00:00:00,10.083736333333333,0.0725759,0.6152598,0.40199903,8.702944266666666,414.42,2019.87,-4706.24,23.02,-4706.24,23.02
2019-12,2019-12-01 00:00:00,9.780839338709676,0.10617616,0.5200487,0.41554445,8.725346467741936,415.22,2019.96,-4703.38,23.19,-4703.38,23.19
2020-01,2020-01-01 00:00:00,8.696348193548387,0.11050876,0.2842133,0.43575153,8.748125903225807,416.378,2020.04,-4756.11,23.43,-4756.11,23.43
2020-02,2020-02-01 00:00:00,7.814609475862069,0.109919354,0.58445406,0.46199208,8.770180051724138,417.29,2020.12,-4751.69,23.56,-4751.69,23.56
2020-03,2020-03-01 00:00:00,7.861668641935484,0.09132091,0.43980545,0.48072377,8.792243709677418,418.22,2020.21,-4755.59,23.23,-4755.59,23.23
2020-04,2020-04-01 00:00:00,8.795562966666667,0.06479964,0.47039557,0.4883166,8.814684683333333,419.0025,2020.29,-4728.74,23.05,-4728.74,23.05
2020-05,2020-05-01 00:00:00,9.97437158064516,0.049533155,0.7805958,0.50936973,8.837135532258065,416.206,2020.37,-4705.86,22.98,-4705.86,22.98
2020-06,2020-06-01 00:00:00,10.759488833333334,0.04351034,-0.17040071,0.5271741,8.859595916666667,413.5775,2020.46,-4741.15,23.24,-4741.15,23.24
2020-07,2020-07-01 00:00:00,10.840820322580646,0.03959735,0.4068311,0.52266234,8.88206627419355,409.3075,2020.54,-4867.81,22.99,-4867.81,22.99
2020-08,2020-08-01 00:00:00,10.341618387096776,0.03734817,0.58042026,0.5211576,8.904914822580645,408.47,2020.62,-4968.14,22.97,-4968.14,22.97
2020-09,2020-09-01 00:00:00,9.796442216666666,0.044462554,0.7516652,0.5238496,8.927404633333333,411.5975,2020.71,-4990.48,23.25,-4990.48,23.25
2020-10,2020-10-01 00:00:00,9.866588774193549,0.05373139,0.3655561,0.5111712,8.949904322580647,413.454,2020.79,-4931.56,23.07,-4931.56,23.07
2020-11,2020-11-01 00:00:00,10.691429166666667,0.061528955,0.6635519,0.48849624,8.972413616666667,415.95,2020.87,-4921.16,23.23,-4921.16,23.23
2020-12,2020-12-01 00:00:00,11.570581112903223,0.08569557,0.6699755,0.4638178,8.994932806451613,417.96,2020.96,-4922.76,23.25,-4922.76,23.25
2021-01,2021-01-01 00:00:00,11.508127580645162,0.11229644,0.6665427,0.44331148,9.017831064516129,418.9075,2021.04,-4892.38,23.01,-4892.38,23.01
2021-02,2021-02-01 00:00:00,10.276523839285714,0.11432846,0.6722018,0.4297148,9.039630642857142,421.235,2021.12,-4906.79,23.08,-4906.79,23.08
2021-03,2021-03-01 00:00:00,8.618087638709676,0.09184401,0.4810873,0.4109033,9.061439532258063,421.18,2021.2,-4894.92,23.14,-4894.92,23.14
2021-04,2021-04-01 00:00:00,7.62707033,0.07353378,0.08462089,0.38969123,9.0839971,421.085,2021.29,-4866.76,22.99,-4866.76,22.99
2021-05,2021-05-01 00:00:00,7.931370432258064,0.052640982,0.38720575,0.37853345,9.106564548387096,420.3,2021.37,-4920.71,22.82,-4920.71,22.82
2021-06,2021-06-01 00:00:00,8.9864825,0.046336666,0.5856407,0.41656467,9.129141533333332,416.195,2021.46,-4901.03,23.12,-4901.03,23.12
2021-07,2021-07-01 00:00:00,9.734130822580646,0.043827254,0.80857533,0.47652778,9.151728516129031,413.36800000000005,2021.54,-4934.27,22.99,-4934.27,22.99
2021-08,2021-08-01 00:00:00,9.601107,0.0420192,0.6457849,0.5111199,9.174695548387096,410.7525,2021.62,-5090.21,22.82,-5090.21,22.82
2021-09,2021-09-01 00:00:00,8.997191766666667,0.044983838,0.516964,0.530825,9.197302166666669,412.245,2021.71,-5141.45,23.1,-5141.45,23.1
2021-10,2021-10-01 00:00:00,8.577796806451612,0.05112479,0.13186911,0.54213667,9.219918306451614,415.768,2021.79,-5175.58,23.02,-5175.58,23.02
2021-11,2021-11-01 00:00:00,8.502224199999999,0.072153226,0.17735085,0.5521939,9.24254445,420.5,2021.87,-5172.7,22.99,-5172.7,22.99
2021-12,2021-12-01 00:00:00,8.149013861290323,0.10435579,-0.22660743,0.5628705,9.265180016129031,421.7425,2021.96,-5131.45,23.09,-5131.45,23.09
2022-01,2022-01-01 00:00:00,6.92414230967742,0.11026483,0.046565752,0.57956356,9.288196838709675,423.1875,2022.04,-5098.21,23.15,-5098.21,23.15
2022-02,2022-02-01 00:00:00,5.411518375,0.10836458,0.16946049,0.59072286,9.310109142857144,422.245,2022.12,-5086.89,23.22,-5086.89,23.22
2022-03,2022-03-01 00:00:00,4.716518480645162,0.10248019,-0.04815301,0.5986328,9.332030870967742,423.81,2022.2,-5057.07,23.25,-5057.07,23.25
2022-04,2022-04-01 00:00:00,5.456315133333334,0.08680612,-0.05982546,0.6224155,9.35470505,423.9925,2022.29,-5078.5,23.36,-5078.5,23.36
2022-05,2022-05-01 00:00:00,7.084191893548387,0.060230672,0.7752438,0.6373649,9.377389145161292,421.175,2022.37,-5076.2,23.06,-5076.2,23.06
2022-06,2022-06-01 00:00:00,8.43185925,0.046779994,1.6604502,0.6414454,9.4000828,416.94,2022.45,-5053.78,23.17,-5053.78,23.17
2022-07,2022-07-01 00:00:00,8.925815387096774,0.0428691,1.4542083,0.6657115,9.42278635483871,416.4025,2022.54,-5157.92,23.37,-5157.92,23.37
2022-08,2022-08-01 00:00:00,8.939323693548387,0.040203933,1.1934645,0.6897976,9.44587193548387,415.6166666666666,2022.62,-5276.15,23.41,-5276.15,23.41
2022-09,2022-09-01 00:00:00,9.370106766666668,0.04201919,1.0844667,0.6980536,9.468595033333331,415.116,2022.71,-5320.74,23.49,-5320.74,23.49
2022-10,2022-10-01 00:00:00,10.55002785483871,0.049936682,0.5757161,0.7286344,9.491327983870969,417.6775,2022.79,-5307.48,23.58,-5307.48,23.58
2022-11,2022-11-01 00:00:00,11.67619175,0.062543444,0.93613595,0.7796553,9.51407075,421.885,2022.87,-5227.53,23.45,-5227.53,23.45
2022-12,2022-12-01 00:00:00,11.781490516129033,0.08678925,0.9098711,0.828921,9.53682301612903,421.86800000000005,2022.96,-5177.15,23.58,-5177.15,23.58
2023-01,2023-01-01 00:00:00,10.828521951612904,0.09523276,1.2279127,,9.559958370967742,425.39333333333326,2023.04,-5265.79,23.62,-5265.79,23.62
2023-02,2023-02-01 00:00:00,9.87382655357143,0.10507841,0.6464795,,9.581983375000002,424.8733333333333,2023.12,-5281.46,23.56,-5281.46,23.56
2023-03,2023-03-01 00:00:00,9.701426129032258,0.0992618,0.88648695,,9.604017983870968,425.904,2023.2,-5220.31,23.26,-5220.31,23.26
2023-04,2023-04-01 00:00:00,10.21160285,0.06429441,0.8207897,,9.626808733333332,425.77,2023.29,-5244.28,23.27,-5244.28,23.27
2023-05,2023-05-01 00:00:00,10.861869177419354,0.056196913,0.36860874,,9.649609306451612,423.6275,2023.37,-5229.09,23.17,-5229.09,23.17
2023-06,2023-06-01 00:00:00,11.163400642857145,0.051801626,0.80010134,,9.663817428571427,420.8066666666667,2023.45,-5193.9,23.3,-5193.9,23.3
2023-07,2023-07-01 00:00:00,,0.045011465,1.7588874,,,419.7733333333333,2023.54,-5266.71,23.42,-5266.71,23.42
2023-08,2023-08-01 00:00:00,,0.039442353,0.8516034,,,414.40333333333336,2023.62,-5474.98,23.24,-5474.98,23.24
2023-09,2023-09-01 00:00:00,,0.04173122,0.7074357,,,416.6933333333333,2023.71,-5533.41,23.26,-5533.41,23.26
2023-10,2023-10-01 00:00:00,,0.04329039,1.4092753,,,420.6666666666667,2023.79,-5511.13,23.38,-5511.13,23.38
2023-11,2023-11-01 00:00:00,,0.07077415,1.348947,,,423.47333333333336,2023.87,-5491.88,23.41,-5491.88,23.41
2023-12,2023-12-01 00:00:00,,0.09259859,0.96655256,,,426.7425,2023.96,-5495.03,23.28,-5495.03,23.28
2024-01,,,,,,,426.63,2024.04,-5483.26,23.5,-5483.26,23.5
2024-02,,,,,,,426.6025,2024.12,-5433.24,24.94,-5433.24,24.94
2024-03,,,,,,,427.5225,2024.21,-5411.08,26.35,-5411.08,26.35
2024-04,,,,,,,428.54333333333335,2024.29,-5440.79,28.19,-5440.79,28.19
2024-05,,,,,,,426.7125,2024.37,-5450.36,29.86,-5450.36,29.86
2024-06,,,,,,,423.6225,2024.46,-5408.95,31.32,-5408.95,31.32
2024-07,,,,,,,420.61,2024.54,-5501.5,33.17,-5501.5,33.17
2024-08,,,,,,,422.105,2024.62,-5599.93,34.95,-5599.93,34.95
2024-09,,,,,,,419.7633333333333,2024.71,-5595.38,36.43,-5595.38,36.43
2024-10,,,,,,,423.8766666666667,2024.79,-5614.0,47.66,-5614.0,47.66
2024-11,,,,,,,425.07,2024.87,-5607.44,59.05,-5607.44,59.05
2024-12,,,,,,,,2024.96,-5610.46,70.87,-5610.46,70.87
2025-01,,,,,,,,2025.04,-5608.47,84.32,-5608.47,84.32
