time,MSL_filtered_GIA_TPA_corrected_adjusted,chlor_a,sst_anomaly,sst_anomaly_filtered,trend_MSL_filtered_GIA_TPA_corrected_adjusted
1982-01-15 00:00:00,,,-0.22812633,,
1982-02-15 00:00:00,,,-0.25176266,,
1982-03-15 00:00:00,,,-0.63939565,,
1982-04-15 00:00:00,,,-0.82847565,,
1982-05-15 00:00:00,,,-1.3471369,,
1982-06-15 00:00:00,,,-0.6126541,,
1982-07-15 00:00:00,,,-0.7548428,,
1982-08-15 00:00:00,,,-1.3676598,,
1982-09-15 00:00:00,,,-1.008956,,
1982-10-15 00:00:00,,,-0.62887037,,
1982-11-15 00:00:00,,,-0.6465659,,
1982-12-15 00:00:00,,,-1.286453,,
1983-01-15 00:00:00,,,-1.2434199,-0.99098366,
1983-02-15 00:00:00,,,-1.307278,-1.0156205,
1983-03-15 00:00:00,,,-1.23066,-1.0341288,
1983-04-15 00:00:00,,,-1.2063545,-1.0424277,
1983-05-15 00:00:00,,,-1.0644214,-1.0594907,
1983-06-15 00:00:00,,,-1.5580952,-1.1118072,
1983-07-15 00:00:00,,,-0.6521346,-1.1778748,
1983-08-15 00:00:00,,,-1.5232941,-1.2231166,
1983-09-15 00:00:00,,,-1.210948,-1.2572497,
1983-10-15 00:00:00,,,-1.0692927,-1.2913964,
1983-11-15 00:00:00,,,-0.8669899,-1.3072218,
1983-12-15 00:00:00,,,-0.9860611,-1.2856736,
1984-01-15 00:00:00,,,-0.7556451,-1.2541541,
1984-02-15 00:00:00,,,-0.9068118,-1.2245597,
1984-03-15 00:00:00,,,-0.87274235,-1.1958174,
1984-04-15 00:00:00,,,-0.9934783,-1.175391,
1984-05-15 00:00:00,,,-2.0011597,-1.1677396,
1984-06-15 00:00:00,,,-2.469822,-1.1532793,
1984-07-15 00:00:00,,,-2.068923,-1.1430491,
1984-08-15 00:00:00,,,-2.2251863,-1.1403985,
1984-09-15 00:00:00,,,-1.7898159,-1.1233208,
1984-10-15 00:00:00,,,-1.4870524,-1.1025554,
1984-11-15 00:00:00,,,-0.5479987,-1.0848985,
1984-12-15 00:00:00,,,-0.35070962,-1.0652864,
1985-01-15 00:00:00,,,-0.6662275,-1.0395648,
1985-02-15 00:00:00,,,-0.46393755,-1.0192568,
1985-03-15 00:00:00,,,-0.69436985,-1.0008935,
1985-04-15 00:00:00,,,-0.76218027,-0.97993964,
1985-05-15 00:00:00,,,-1.1413311,-0.93244326,
1985-06-15 00:00:00,,,-0.78708535,-0.86758834,
1985-07-15 00:00:00,,,-0.932097,-0.81968784,
1985-08-15 00:00:00,,,-1.1161029,-0.7688557,
1985-09-15 00:00:00,,,-0.79840916,-0.7076791,
1985-10-15 00:00:00,,,-0.4850916,-0.65383804,
1985-11-15 00:00:00,,,-0.6036622,-0.63139755,
1985-12-15 00:00:00,,,-0.30800557,-0.63504046,
1986-01-15 00:00:00,,,-0.19906712,-0.6435652,
1986-02-15 00:00:00,,,-0.4886032,-0.65686744,
1986-03-15 00:00:00,,,-0.4095139,-0.6696043,
1986-04-15 00:00:00,,,-0.45092162,-0.6845093,
1986-05-15 00:00:00,,,-0.26389003,-0.71239173,
1986-06-15 00:00:00,,,-1.0940533,-0.7549666,
1986-07-15 00:00:00,,,-1.1454694,-0.77939254,
1986-08-15 00:00:00,,,-0.7086968,-0.78036654,
1986-09-15 00:00:00,,,-0.3698283,-0.7617724,
1986-10-15 00:00:00,,,-0.32267,-0.73569083,
1986-11-15 00:00:00,,,-0.6352371,-0.73035103,
1986-12-15 00:00:00,,,-0.43833014,-0.7381006,
1987-01-15 00:00:00,,,-0.98779494,-0.74103296,
1987-02-15 00:00:00,,,-0.78087693,-0.7281713,
1987-03-15 00:00:00,,,-0.98880035,-0.717973,
1987-04-15 00:00:00,,,-1.1831886,-0.7162138,
1987-05-15 00:00:00,,,-2.05868,-0.7207686,
1987-06-15 00:00:00,,,-1.9133308,-0.7294781,
1987-07-15 00:00:00,,,-0.9782973,-0.7195513,
1987-08-15 00:00:00,,,-1.1166549,-0.6996757,
1987-09-15 00:00:00,,,0.09466213,-0.70263845,
1987-10-15 00:00:00,,,-0.12624775,-0.7216711,
1987-11-15 00:00:00,,,-0.7061961,-0.73370403,
1987-12-15 00:00:00,,,-0.57745,-0.7501472,
1988-01-15 00:00:00,,,-0.07037752,-0.7591819,
1988-02-15 00:00:00,,,6.814039e-05,-0.75306326,
1988-03-15 00:00:00,,,-0.40866753,-0.7403202,
1988-04-15 00:00:00,,,-0.36732748,-0.7099248,
1988-05-15 00:00:00,,,-0.5661117,-0.66499174,
1988-06-15 00:00:00,,,-1.2098905,-0.6290915,
1988-07-15 00:00:00,,,-0.5531465,-0.621072,
1988-08-15 00:00:00,,,-0.34698886,-0.6180948,
1988-09-15 00:00:00,,,-0.8737485,-0.6313651,
1988-10-15 00:00:00,,,-0.7323155,-0.6741816,
1988-11-15 00:00:00,,,-0.80317366,-0.69278055,
1988-12-15 00:00:00,,,-1.0596662,-0.67863226,
1989-01-15 00:00:00,,,-0.8001245,-0.6680515,
1989-02-15 00:00:00,,,-0.6748527,-0.66454244,
1989-03-15 00:00:00,,,-0.48315698,-0.6532406,
1989-04-15 00:00:00,,,-0.22985247,-0.63895255,
1989-05-15 00:00:00,,,-0.85522854,-0.618534,
1989-06-15 00:00:00,,,-1.3935717,-0.59953755,
1989-07-15 00:00:00,,,-1.1131189,-0.59992397,
1989-08-15 00:00:00,,,-0.83893013,-0.6146186,
1989-09-15 00:00:00,,,-0.82003623,-0.6244879,
1989-10-15 00:00:00,,,-1.2667401,-0.60746783,
1989-11-15 00:00:00,,,-0.4584551,-0.5688312,
1989-12-15 00:00:00,,,-0.14607319,-0.5258565,
1990-01-15 00:00:00,,,0.0061240965,-0.48622862,
1990-02-15 00:00:00,,,0.092001125,-0.4584608,
1990-03-15 00:00:00,,,0.04188634,-0.44474444,
1990-04-15 00:00:00,,,-0.13205425,-0.4479466,
1990-05-15 00:00:00,,,0.17870535,-0.47966042,
1990-06-15 00:00:00,,,-1.0428786,-0.5141234,
1990-07-15 00:00:00,,,-0.7387067,-0.53140044,
1990-08-15 00:00:00,,,-0.86676973,-0.54050237,
1990-09-15 00:00:00,,,-0.8276939,-0.5324167,
1990-10-15 00:00:00,,,0.038592037,-0.5015146,
1990-11-15 00:00:00,,,0.28047863,-0.48643598,
1990-12-15 00:00:00,,,-0.08053232,-0.50681496,
1991-01-15 00:00:00,,,0.12287934,-0.540909,
1991-02-15 00:00:00,,,-0.26500258,-0.5773135,
1991-03-15 00:00:00,,,-0.23462059,-0.61479944,
1991-04-15 00:00:00,,,-0.6320935,-0.6522616,
1991-05-15 00:00:00,,,-1.9752501,-0.6969487,
1991-06-15 00:00:00,,,-1.927773,-0.7351374,
1991-07-15 00:00:00,,,-1.4082153,-0.7585332,
1991-08-15 00:00:00,,,-0.9807282,-0.75681096,
1991-09-15 00:00:00,,,-0.29012412,-0.7368524,
1991-10-15 00:00:00,,,-0.31335187,-0.7442781,
1991-11-15 00:00:00,,,-0.6880691,-0.7702345,
1991-12-15 00:00:00,,,-0.89464974,-0.7906902,
1992-01-15 00:00:00,,,-0.881815,-0.81327003,
1992-02-15 00:00:00,,,-0.76747566,-0.8346134,
1992-03-15 00:00:00,,,-0.8979622,-0.85438186,
1992-04-15 00:00:00,,,-0.99038875,-0.86836535,
1992-05-15 00:00:00,,,-1.1079419,-0.8376227,
1992-06-15 00:00:00,,,-1.5892892,-0.77000004,
1992-07-15 00:00:00,,,-1.3152927,-0.72743905,
1992-08-15 00:00:00,,,-0.2075164,-0.71335,
1992-09-15 00:00:00,,,-0.52893746,-0.7115399,
1992-10-15 00:00:00,,,-0.6165956,-0.7226361,
1992-11-15 00:00:00,,,-0.31024238,-0.7199616,
1992-12-15 00:00:00,,,-0.47168425,-0.6937293,
1993-01-15 00:00:00,,,-0.56980157,-0.6571095,
1993-01-16 00:00:00,-1.9917211774193548,,,,2.0097913677419355
1993-02-14 12:00:00,-0.9555542307142858,,,,2.028430410714285
1993-02-15 00:00:00,,,-0.59680223,-0.6290498,
1993-03-15 00:00:00,,,-0.8517075,-0.59777164,
1993-03-16 00:00:00,0.3165272445280645,,,,2.0470787548387097
1993-04-15 00:00:00,,,-0.68621457,-0.56001514,
1993-04-15 12:00:00,1.54954417,,,,2.0663687366666665
1993-05-15 00:00:00,,,-0.44548175,-0.5268568,
1993-05-16 00:00:00,2.083285283870968,,,,2.085668483870968
1993-06-15 00:00:00,,,-0.21165407,-0.49317023,
1993-06-15 12:00:00,1.8555350066666667,,,,2.1049779666666666
1993-07-15 00:00:00,,,-1.0814059,-0.45216516,
1993-07-16 00:00:00,1.6532283129032257,,,,2.124297251612904
1993-08-15 00:00:00,,,-0.6312645,-0.41645998,
1993-08-16 00:00:00,1.9429423548387093,,,,2.1439431483870965
1993-09-15 00:00:00,,,-0.5527031,-0.38773978,
1993-09-15 12:00:00,2.319861883333333,,,,2.16328205
1993-10-15 00:00:00,,,-0.5833898,-0.3515057,
1993-10-16 00:00:00,2.242018612903226,,,,2.1826307064516133
1993-11-15 00:00:00,,,-0.28965306,-0.32642168,
1993-11-15 12:00:00,1.7886251633333332,,,,2.2019890600000003
1993-12-15 00:00:00,,,-0.033914845,-0.31601796,
1993-12-16 00:00:00,1.3726301838709678,,,,2.2213571774193546
1994-01-15 00:00:00,,,0.015197843,-0.3123637,
1994-01-16 00:00:00,1.1712367580645162,,,,2.2410527967741936
1994-02-14 12:00:00,1.152731692857143,,,,2.2598046785714287
1994-02-15 00:00:00,,,-0.3176202,-0.30234522,
1994-03-15 00:00:00,,,0.15353203,-0.2768632,
1994-03-16 00:00:00,1.3355997161290325,,,,2.2785658193548386
1994-04-15 00:00:00,,,-0.2295729,-0.25798893,
1994-04-15 12:00:00,1.7514926333333334,,,,2.2979724533333337
1994-05-15 00:00:00,,,-0.27715597,-0.25949436,
1994-05-16 00:00:00,2.172367274193548,,,,2.3173888258064514
1994-06-15 00:00:00,,,-0.8031197,-0.26971132,
1994-06-15 12:00:00,2.215872553333333,,,,2.336814896666666
1994-07-15 00:00:00,,,-0.13321926,-0.2558065,
1994-07-16 00:00:00,1.9166400677419355,,,,2.3562507838709674
1994-08-15 00:00:00,,,0.32425886,-0.22499338,
1994-08-16 00:00:00,1.737862370967742,,,,2.376015235483872
1994-09-15 00:00:00,,,0.31785786,-0.2173526,
1994-09-15 12:00:00,1.8487728966666663,,,,2.3954707633333334
1994-10-15 00:00:00,,,0.27584445,-0.22250254,
1994-10-16 00:00:00,2.044964235483871,,,,2.4149359967741937
1994-11-15 00:00:00,,,0.001350793,-0.23684995,
1994-11-15 12:00:00,2.1730231033333336,,,,2.4344109866666668
1994-12-15 00:00:00,,,-0.28389925,-0.26141742,
1994-12-16 00:00:00,2.231730529032258,,,,2.453895751612903
1995-01-15 00:00:00,,,-0.5821823,-0.2743496,
1995-01-16 00:00:00,2.097922803225807,,,,2.473709883870968
1995-02-14 12:00:00,1.6604427249999998,,,,2.492574575
1995-02-15 00:00:00,,,-0.1035341,-0.27263027,
1995-03-15 00:00:00,,,-0.121838786,-0.28347465,
1995-03-16 00:00:00,1.1427696074193547,,,,2.511448525806452
1995-04-15 00:00:00,,,-0.5101178,-0.3053673,
1995-04-15 12:00:00,0.986073157,,,,2.53097173
1995-05-15 00:00:00,,,-0.69383955,-0.31481153,
1995-05-16 00:00:00,1.4211065645161292,,,,2.550504741935484
1995-06-15 00:00:00,,,-0.453711,-0.30763575,
1995-06-15 12:00:00,2.09344176,,,,2.5700474766666668
1995-07-15 00:00:00,,,-0.17191732,-0.31885576,
1995-07-16 00:00:00,2.333919177419355,,,,2.5895999548387096
1995-08-15 00:00:00,,,-0.061723,-0.3591497,
1995-08-16 00:00:00,1.8808414548387096,,,,2.6094829548387097
1995-09-15 00:00:00,,,-0.7554871,-0.41107813,
1995-09-15 12:00:00,1.4601525700000002,,,,2.629055043333333
1995-10-15 00:00:00,,,-0.62780344,-0.4791817,
1995-10-16 00:00:00,2.187958329032258,,,,2.648636983870968
1995-11-15 00:00:00,,,-0.9339152,-0.5352326,
1995-11-15 12:00:00,4.287329369999999,,,,2.6682285566666666
1995-12-15 00:00:00,,,-0.56889176,-0.55787253,
1995-12-16 00:00:00,6.614800819354838,,,,2.687829938709678
1996-01-15 00:00:00,,,-0.07056928,-0.547491,
1996-01-16 00:00:00,7.637807054838709,,,,2.7077626032258064
1996-02-15 00:00:00,6.976854696551724,,-0.14932531,-0.52705467,2.7270618551724137
1996-03-15 00:00:00,,,-0.53529304,-0.5133426,
1996-03-16 00:00:00,5.483842216129032,,,,2.746370622580645
1996-04-15 00:00:00,,,-0.5915945,-0.5074921,
1996-04-15 12:00:00,4.094911773333333,,,,2.766010773333333
1996-05-15 00:00:00,,,-0.36845773,-0.49833345,
1996-05-16 00:00:00,3.088496651612904,,,,2.785660716129032
1996-06-15 00:00:00,,,-0.36738136,-0.47865885,
1996-06-15 12:00:00,2.3240857966666666,,,,2.8053203666666664
1996-07-15 00:00:00,,,-1.107518,-0.48312166,
1996-07-16 00:00:00,1.8404621870967743,,,,2.824989825806452
1996-08-15 00:00:00,,,-0.63555086,-0.51224643,
1996-08-16 00:00:00,1.872796367741936,,,,2.844991658064516
1996-09-15 00:00:00,,,-1.2148973,-0.5241287,
1996-09-15 12:00:00,2.6511088133333334,,,,2.864680696666667
1996-10-15 00:00:00,,,-1.4603727,-0.51305276,
1996-10-16 00:00:00,4.266658706451612,,,,2.8843795612903222
1996-11-15 00:00:00,,,-0.9528745,-0.495062,
1996-11-15 12:00:00,6.237456033333333,,,,2.90408809
1996-12-15 00:00:00,,,-0.41638938,-0.47905877,
1996-12-16 00:00:00,7.286822558064516,,,,2.9238064322580644
1997-01-15 00:00:00,,,0.04862059,-0.46920797,
1997-01-16 00:00:00,6.276663,,,,2.9438579612903224
1997-02-14 12:00:00,3.861124578571428,,,,2.962948546428571
1997-02-15 00:00:00,,,0.2466054,-0.45749494,
1997-03-15 00:00:00,,,0.18620019,-0.4369218,
1997-03-16 00:00:00,1.859179177419355,,,,2.982048383870968
1997-04-15 00:00:00,,,-0.5373309,-0.41303438,
1997-04-15 12:00:00,1.59056522,,,,3.00180514
1997-05-15 00:00:00,,,-0.22701088,-0.40244594,
1997-05-16 00:00:00,2.724056906451613,,,,3.0215717741935486
1997-06-01 00:00:00,,,,,
1997-06-15 00:00:00,,,0.023839757,-0.3999368,
1997-06-15 12:00:00,3.618306146666667,,,,3.0413480366666668
1997-07-01 00:00:00,,,,,
1997-07-15 00:00:00,,,-0.8636821,-0.37936518,
1997-07-16 00:00:00,3.444320325806452,,,,3.061134077419355
1997-08-01 00:00:00,,,,,
1997-08-15 00:00:00,,,-0.767948,-0.3473614,
1997-08-16 00:00:00,2.986539158064516,,,,3.081254467741936
1997-09-01 00:00:00,,0.053406797,,,
1997-09-15 00:00:00,,,-0.6196088,-0.31379902,
1997-09-15 12:00:00,3.3836978066666665,,,,3.1010601033333334
1997-10-01 00:00:00,,0.056052394,,,
1997-10-15 00:00:00,,,-0.23203817,-0.27215236,
1997-10-16 00:00:00,4.740027725806451,,,,3.120875590322581
1997-11-01 00:00:00,,0.0778316,,,
1997-11-15 00:00:00,,,-0.4661237,-0.2343736,
1997-11-15 12:00:00,6.0900958266666665,,,,3.1407007533333333
1997-12-01 00:00:00,,0.11560899,,,
1997-12-15 00:00:00,,,-0.26852834,-0.22097145,
1997-12-16 00:00:00,6.446326083870967,,,,3.1605356967741933
1998-01-01 00:00:00,,0.12050937,,,
1998-01-15 00:00:00,,,0.10190604,-0.2278221,
1998-01-16 00:00:00,5.709399629032258,,,,3.1807057612903225
1998-02-01 00:00:00,,0.113974266,,,
1998-02-14 12:00:00,4.646826810714286,,,,3.1999091571428573
1998-02-15 00:00:00,,,0.24042451,-0.24354497,
1998-03-01 00:00:00,,0.09945272,,,
1998-03-15 00:00:00,,,0.06246801,-0.2618871,
1998-03-16 00:00:00,3.909810206451613,,,,3.219121787096774
1998-04-01 00:00:00,,0.07292001,,,
1998-04-15 00:00:00,,,-0.042759567,-0.26328465,
1998-04-15 12:00:00,3.691788403333333,,,,3.238995183333333
1998-05-01 00:00:00,,0.061651018,,,
1998-05-15 00:00:00,,,-0.40904826,-0.24505337,
1998-05-16 00:00:00,3.818340983870968,,,,3.2588783806451613
1998-06-01 00:00:00,,0.04890375,,,
1998-06-15 00:00:00,,,-0.20635064,-0.22775036,
1998-06-15 12:00:00,4.0475655900000005,,,,3.27877127
1998-07-01 00:00:00,,0.043851405,,,
1998-07-15 00:00:00,,,-0.28111133,-0.20813282,
1998-07-16 00:00:00,4.275083874193548,,,,3.2986739612903224
1998-08-01 00:00:00,,0.04591523,,,
1998-08-15 00:00:00,,,0.07422394,-0.17510112,
1998-08-16 00:00:00,4.453354461290322,,,,3.318912887096774
1998-09-01 00:00:00,,0.044533223,,,
1998-09-15 00:00:00,,,-0.31367767,-0.13209556,
1998-09-15 12:00:00,4.462435753333334,,,,3.3388351966666665
1998-10-01 00:00:00,,0.05443832,,,
1998-10-15 00:00:00,,,-0.3625533,-0.092181556,
1998-10-16 00:00:00,4.034831877419355,,,,3.358767222580645
1998-11-01 00:00:00,,0.06553571,,,
1998-11-15 00:00:00,,,-0.23731269,-0.059217285,
1998-11-15 12:00:00,3.1281556566666664,,,,3.37870902
1998-12-01 00:00:00,,0.11596314,,,
1998-12-15 00:00:00,,,-0.4886483,-0.03863166,
1998-12-16 00:00:00,2.2678097225806453,,,,3.398660583870968
1999-01-01 00:00:00,,0.1285174,,,
1999-01-15 00:00:00,,,-0.20795126,-0.044240076,
1999-01-16 00:00:00,2.191873796774193,,,,3.418949193548387
1999-02-01 00:00:00,,0.121917725,,,
1999-02-14 12:00:00,3.050028303571428,,,,3.4382653535714285
1999-02-15 00:00:00,,,-0.25152057,-0.06273124,
1999-03-01 00:00:00,,0.11741349,,,
1999-03-15 00:00:00,,,-0.1960961,-0.07994444,
1999-03-16 00:00:00,4.157213938709678,,,,3.457590787096774
1999-04-01 00:00:00,,0.07452423,,,
1999-04-15 00:00:00,,,-0.22211713,-0.09164085,
1999-04-15 12:00:00,4.606406023333333,,,,3.47758081
1999-05-01 00:00:00,,0.059606448,,,
1999-05-15 00:00:00,,,0.33287698,-0.07642375,
1999-05-16 00:00:00,4.179651909677419,,,,3.4975806548387096
1999-06-01 00:00:00,,0.05300641,,,
1999-06-15 00:00:00,,,0.29449588,-0.049104095,
1999-06-15 12:00:00,3.61044368,,,,3.5175901533333334
1999-07-01 00:00:00,,0.050302986,,,
1999-07-15 00:00:00,,,-0.19269624,-0.047181763,
1999-07-16 00:00:00,3.5956754322580644,,,,3.537609464516129
1999-08-01 00:00:00,,0.04730195,,,
1999-08-15 00:00:00,,,0.14658783,-0.069160424,
1999-08-16 00:00:00,3.993985803225807,,,,3.5579669
1999-09-01 00:00:00,,0.04868165,,,
1999-09-15 00:00:00,,,0.5301224,-0.08365803,
1999-09-15 12:00:00,4.047904636666667,,,,3.5780058366666667
1999-10-01 00:00:00,,0.05338912,,,
1999-10-15 00:00:00,,,0.5341026,-0.08870528,
1999-10-16 00:00:00,3.3665277709677417,,,,3.598054525806452
1999-11-01 00:00:00,,0.08253831,,,
1999-11-15 00:00:00,,,0.3500204,-0.09087041,
1999-11-15 12:00:00,2.340843503333333,,,,3.61811291
1999-12-01 00:00:00,,0.1136137,,,
1999-12-15 00:00:00,,,-0.09656227,-0.07110007,
1999-12-16 00:00:00,1.797948306451613,,,,3.638181116129032
2000-01-01 00:00:00,,0.13225316,,,
2000-01-15 00:00:00,,,-0.33926415,-0.050087187,
2000-01-16 00:00:00,2.44319394516129,,,,3.658588241935484
2000-02-01 00:00:00,,0.123989895,,,
2000-02-15 00:00:00,4.056595355172414,,-0.20598148,-0.0362889,3.678346634482759
2000-03-01 00:00:00,,0.10755994,,,
2000-03-15 00:00:00,,,-0.31735918,-0.012858881,
2000-03-16 00:00:00,5.617260883870968,,,,3.698114541935484
2000-04-01 00:00:00,,0.0822113,,,
2000-04-15 00:00:00,,,-0.22436018,0.007984687,
2000-04-15 12:00:00,5.994427446666666,,,,3.718221483333333
2000-05-01 00:00:00,,0.05970958,,,
2000-05-15 00:00:00,,,0.50297326,-0.0019668627,
2000-05-16 00:00:00,4.8908736,,,,3.738338235483871
2000-06-01 00:00:00,,0.049402244,,,
2000-06-15 00:00:00,,,0.19297132,-0.034776434,
2000-06-15 12:00:00,3.17555488,,,,3.7584647166666665
2000-07-01 00:00:00,,0.044724926,,,
2000-07-15 00:00:00,,,-0.5881615,-0.057433765,
2000-07-16 00:00:00,1.8397442193548388,,,,3.778600970967742
2000-08-01 00:00:00,,0.047696587,,,
2000-08-15 00:00:00,,,-0.6737014,-0.068158925,
2000-08-16 00:00:00,1.2752921483870967,,,,3.7990772548387097
2000-09-01 00:00:00,,0.04737789,,,
2000-09-15 00:00:00,,,-0.2616377,-0.08910227,
2000-09-15 12:00:00,1.5422601066666668,,,,3.819233133333333
2000-10-01 00:00:00,,0.059663903,,,
2000-10-15 00:00:00,,,-0.6568609,-0.102142215,
2000-10-16 00:00:00,2.688621622580645,,,,3.83939874516129
2000-11-01 00:00:00,,0.07404179,,,
2000-11-15 00:00:00,,,-0.046931725,-0.10522514,
2000-11-15 12:00:00,4.638805813333334,,,,3.859574086666667
2000-12-01 00:00:00,,0.092500426,,,
2000-12-15 00:00:00,,,0.269947,-0.1196557,
2000-12-16 00:00:00,6.736365696774193,,,,3.879759222580645
2001-01-01 00:00:00,,0.119775325,,,
2001-01-15 00:00:00,,,0.042072054,-0.12853488,
2001-01-16 00:00:00,7.875325361290322,,,,3.900285219354839
2001-02-01 00:00:00,,0.123583585,,,
2001-02-14 12:00:00,7.514099649999999,,,,3.919827292857143
2001-02-15 00:00:00,,,0.16077395,-0.12234905,
2001-03-01 00:00:00,,0.084399685,,,
2001-03-15 00:00:00,,,0.5162502,-0.102580085,
2001-03-16 00:00:00,6.074163793548387,,,,3.9393786516129032
2001-04-01 00:00:00,,0.06457805,,,
2001-04-15 00:00:00,,,0.06602786,-0.086296365,
2001-04-15 12:00:00,4.358067259999999,,,,3.959602223333333
2001-05-01 00:00:00,,0.055868283,,,
2001-05-15 00:00:00,,,-0.4329424,-0.09521047,
2001-05-16 00:00:00,3.117620116129032,,,,3.979835619354839
2001-06-01 00:00:00,,0.04633715,,,
2001-06-15 00:00:00,,,-0.51454425,-0.1114467,
2001-06-15 12:00:00,2.661385273333333,,,,4.00007868
2001-07-01 00:00:00,,0.04563097,,,
2001-07-15 00:00:00,,,-0.47120786,-0.10400407,
2001-07-16 00:00:00,3.003020429032258,,,,4.020331503225807
2001-08-01 00:00:00,,0.044580996,,,
2001-08-15 00:00:00,,,-0.08970818,-0.08936572,
2001-08-16 00:00:00,3.6953471387096775,,,,4.040926374193549
2001-09-01 00:00:00,,0.045348987,,,
2001-09-15 00:00:00,,,-0.23886226,-0.087636285,
2001-09-15 12:00:00,3.81161415,,,,4.061198846666667
2001-10-01 00:00:00,,0.04966025,,,
2001-10-15 00:00:00,,,0.67716974,-0.08340874,
2001-10-16 00:00:00,2.844864051612903,,,,4.081481132258065
2001-11-01 00:00:00,,0.0751781,,,
2001-11-15 00:00:00,,,0.058973175,-0.078151494,
2001-11-15 12:00:00,1.3857247503333334,,,,4.1017730666666665
2001-12-01 00:00:00,,0.11523552,,,
2001-12-15 00:00:00,,,-0.49818212,-0.08268747,
2001-12-16 00:00:00,0.8021402003225806,,,,4.122074816129032
2002-01-01 00:00:00,,0.11993101,,,
2002-01-15 00:00:00,,,-0.36384532,-0.082504764,
2002-01-16 00:00:00,1.902345029032258,,,,4.142719338709677
2002-02-01 00:00:00,,0.11917742,,,
2002-02-14 12:00:00,3.8114041857142857,,,,4.162374217857143
2002-02-15 00:00:00,,,0.115519874,-0.08647181,
2002-03-01 00:00:00,,0.097392604,,,
2002-03-15 00:00:00,,,0.31004977,-0.11171662,
2002-03-16 00:00:00,5.070233380645162,,,,4.1820383612903225
2002-04-01 00:00:00,,0.08215042,,,
2002-04-15 00:00:00,,,-0.07015039,-0.14049593,
2002-04-15 12:00:00,4.847435746666666,,,,4.2023785600000005
2002-05-01 00:00:00,,0.058099475,,,
2002-05-15 00:00:00,,,-0.079113536,-0.1308959,
2002-05-16 00:00:00,3.636647625806452,,,,4.222728583870968
2002-06-01 00:00:00,,0.04796555,,,
2002-06-15 00:00:00,,,-0.004281014,-0.06999115,
2002-06-15 12:00:00,2.768631696666666,,,,4.2430882966666665
2002-07-01 00:00:00,,0.047704667,,,
2002-07-15 00:00:00,,,-0.033662856,0.001905346,
2002-07-16 00:00:00,2.9861534064516126,,,,4.263457738709678
2002-08-01 00:00:00,,0.04622452,,,
2002-08-15 00:00:00,,,-0.5255594,0.05718869,
2002-08-16 00:00:00,4.00311975483871,,,,4.284171138709677
2002-09-01 00:00:00,,0.04743124,,,
2002-09-15 00:00:00,,,-0.32676676,0.08492411,
2002-09-15 12:00:00,5.112626043333334,,,,4.30456024
2002-10-01 00:00:00,,0.0525415,,,
2002-10-15 00:00:00,,,-0.38880998,0.07244028,
2002-10-16 00:00:00,5.957186303225806,,,,4.324959219354839
2002-11-01 00:00:00,,0.070258714,,,
2002-11-15 00:00:00,,,-0.06263454,0.051912062,
2002-11-15 12:00:00,6.361416433333333,,,,4.3453676833333335
2002-12-01 00:00:00,,0.10207372,,,
2002-12-15 00:00:00,,,0.067923054,0.059526972,
2002-12-16 00:00:00,5.999447403225807,,,,4.365786064516129
2003-01-01 00:00:00,,0.12688911,,,
2003-01-15 00:00:00,,,0.25286564,0.07041251,
2003-01-16 00:00:00,4.677212525806452,,,,4.3865491064516124
2003-02-01 00:00:00,,0.12310367,,,
2003-02-14 12:00:00,2.966278482142857,,,,4.406316764285714
2003-02-15 00:00:00,,,-0.24043755,0.0604955,
2003-03-01 00:00:00,,0.10777639,,,
2003-03-15 00:00:00,,,-0.2942893,0.034707014,
2003-03-16 00:00:00,1.7164990129032258,,,,4.426093732258065
2003-04-01 00:00:00,,0.09036554,,,
2003-04-15 00:00:00,,,-0.5048391,0.014354667,
2003-04-15 12:00:00,1.52486329,,,,4.44655055
2003-05-01 00:00:00,,0.059454855,,,
2003-05-15 00:00:00,,,0.5987256,-0.009541936,
2003-05-16 00:00:00,2.236956148387097,,,,4.467017187096775
2003-06-01 00:00:00,,0.05343473,,,
2003-06-15 00:00:00,,,1.3772157,-0.042576794,
2003-06-15 12:00:00,3.0684922266666663,,,,4.487493513333334
2003-07-01 00:00:00,,0.047136955,,,
2003-07-15 00:00:00,,,1.0880638,-0.057924617,
2003-07-16 00:00:00,3.6244896967741935,,,,4.507979641935484
2003-08-01 00:00:00,,0.046134155,,,
2003-08-15 00:00:00,,,1.0046206,-0.05510842,
2003-08-16 00:00:00,4.07202119032258,,,,4.528811487096774
2003-09-01 00:00:00,,0.04985385,,,
2003-09-15 00:00:00,,,-0.0018907067,-0.050828308,
2003-09-15 12:00:00,4.488353356666667,,,,4.549317186666667
2003-10-01 00:00:00,,0.05891715,,,
2003-10-15 00:00:00,,,-0.15902571,-0.039949805,
2003-10-16 00:00:00,4.713353596774193,,,,4.569832716129032
2003-11-01 00:00:00,,0.07805288,,,
2003-11-15 00:00:00,,,-0.09018594,-0.021243658,
2003-11-15 12:00:00,4.7659501,,,,4.590357876666667
2003-12-01 00:00:00,,0.1051792,,,
2003-12-15 00:00:00,,,0.016492713,-0.013619083,
2003-12-16 00:00:00,4.859951706451613,,,,4.610892919354838
2004-01-01 00:00:00,,0.14127356,,,
2004-01-15 00:00:00,,,-0.35601425,-0.02127592,
2004-01-16 00:00:00,5.136981112903226,,,,4.631774503225807
2004-02-01 00:00:00,,0.14329201,,,
2004-02-15 00:00:00,5.458497675862069,,-0.36832786,-0.034995172,4.651992044827587
2004-03-01 00:00:00,,0.13883735,,,
2004-03-15 00:00:00,,,-0.4439498,-0.045470845,
2004-03-16 00:00:00,5.4865195290322575,,,,4.672219112903226
2004-04-01 00:00:00,,0.08857714,,,
2004-04-15 00:00:00,,,-0.29306346,-0.051931713,
2004-04-15 12:00:00,5.016014636666667,,,,4.692792893333333
2004-05-01 00:00:00,,0.06580769,,,
2004-05-15 00:00:00,,,-1.0032375,-0.0683945,
2004-05-16 00:00:00,4.27378990967742,,,,4.713376412903226
2004-06-01 00:00:00,,0.051433634,,,
2004-06-15 00:00:00,,,-0.66583025,-0.11033384,
2004-06-15 12:00:00,3.755116996666666,,,,4.73396968
2004-07-01 00:00:00,,0.049974747,,,
2004-07-15 00:00:00,,,-0.10880911,-0.16071291,
2004-07-16 00:00:00,3.844442141935484,,,,4.754572748387097
2004-08-01 00:00:00,,0.045165826,,,
2004-08-15 00:00:00,,,-0.3152358,-0.2177255,
2004-08-16 00:00:00,4.507013106451613,,,,4.77552345483871
2004-09-01 00:00:00,,0.048888918,,,
2004-09-15 00:00:00,,,-0.33164498,-0.26025683,
2004-09-15 12:00:00,5.0848141,,,,4.796146163333334
2004-10-01 00:00:00,,0.053299304,,,
2004-10-15 00:00:00,,,0.13823654,-0.27146873,
2004-10-16 00:00:00,4.7648025419354845,,,,4.816778577419354
2004-11-01 00:00:00,,0.08187654,,,
2004-11-15 00:00:00,,,0.30821392,-0.2751451,
2004-11-15 12:00:00,3.460498536666667,,,,4.837420730000001
2004-12-01 00:00:00,,0.10519013,,,
2004-12-15 00:00:00,,,0.06305418,-0.2860423,
2004-12-16 00:00:00,2.182899522580645,,,,4.858072648387097
2005-01-01 00:00:00,,0.11929302,,,
2005-01-15 00:00:00,,,-0.109793685,-0.2987397,
2005-01-16 00:00:00,2.064302216129032,,,,4.879073103225807
2005-02-01 00:00:00,,0.12298301,,,
2005-02-14 12:00:00,3.168806585714286,,,,4.899066692857143
2005-02-15 00:00:00,,,-0.53630227,-0.3038871,
2005-03-01 00:00:00,,0.122342885,,,
2005-03-15 00:00:00,,,-0.5012568,-0.30809775,
2005-03-16 00:00:00,4.625039180645161,,,,4.919069538709677
2005-04-01 00:00:00,,0.09160226,,,
2005-04-15 00:00:00,,,-0.60799325,-0.3046731,
2005-04-15 12:00:00,5.5015915233333335,,,,4.939759876666667
2005-05-01 00:00:00,,0.059979435,,,
2005-05-15 00:00:00,,,-0.088334076,-0.27407408,
2005-05-16 00:00:00,5.542520177419355,,,,4.960460116129032
2005-06-01 00:00:00,,0.05272238,,,
2005-06-15 00:00:00,,,0.05118744,-0.2434992,
2005-06-15 12:00:00,5.242366700000001,,,,4.981169956666666
2005-07-01 00:00:00,,0.047774956,,,
2005-07-15 00:00:00,,,-0.004103559,-0.22771011,
2005-07-16 00:00:00,4.89731280967742,,,,5.0018896290322585
2005-08-01 00:00:00,,0.04646097,,,
2005-08-15 00:00:00,,,-0.6398165,-0.21746252,
2005-08-16 00:00:00,4.403393006451613,,,,5.022958958064517
2005-09-01 00:00:00,,0.050489053,,,
2005-09-15 00:00:00,,,-0.39895752,-0.21919577,
2005-09-15 12:00:00,3.674366843333333,,,,5.043698206666666
2005-10-01 00:00:00,,0.054166175,,,
2005-10-15 00:00:00,,,-0.30012894,-0.22183746,
2005-10-16 00:00:00,2.764577451612904,,,,5.064447277419355
2005-11-01 00:00:00,,0.06503911,,,
2005-11-15 00:00:00,,,-0.12554944,-0.23108204,
2005-11-15 12:00:00,2.0104942066666665,,,,5.08520603
2005-12-01 00:00:00,,0.10602897,,,
2005-12-15 00:00:00,,,-0.4712096,-0.23256937,
2005-12-16 00:00:00,2.105950848387097,,,,5.105974641935484
2006-01-01 00:00:00,,0.10574273,,,
2006-01-15 00:00:00,,,-0.47778746,-0.21720283,
2006-01-16 00:00:00,3.525526735483871,,,,5.127093616129033
2006-02-01 00:00:00,,0.13233282,,,
2006-02-14 12:00:00,5.5814332,,,,5.147199957142857
2006-02-15 00:00:00,,,-0.49362925,-0.18989025,
2006-03-01 00:00:00,,0.12925802,,,
2006-03-15 00:00:00,,,-0.52076006,-0.15421386,
2006-03-16 00:00:00,7.066387383870968,,,,5.167315580645161
2006-04-01 00:00:00,,0.090321645,,,
2006-04-15 00:00:00,,,-0.051868822,-0.1154036,
2006-04-15 12:00:00,7.120365383333334,,,,5.1881225933333335
2006-05-01 00:00:00,,0.061956853,,,
2006-05-15 00:00:00,,,0.22432023,-0.080158524,
2006-05-16 00:00:00,6.046339209677419,,,,5.208939412903225
2006-06-01 00:00:00,,0.05275185,,,
2006-06-15 00:00:00,,,-0.42579362,-0.05985216,
2006-06-15 12:00:00,5.11874128,,,,5.229765913333334
2006-07-01 00:00:00,,0.0487044,,,
2006-07-15 00:00:00,,,0.40903094,-0.05109613,
2006-07-16 00:00:00,5.183136732258065,,,,5.250602183870968
2006-08-01 00:00:00,,0.043712635,,,
2006-08-15 00:00:00,,,-0.34119165,-0.042138204,
2006-08-16 00:00:00,5.901804735483871,,,,5.271790038709677
2006-09-01 00:00:00,,0.044916358,,,
2006-09-15 00:00:00,,,-0.3888853,-0.03454477,
2006-09-15 12:00:00,6.1394565100000005,,,,5.292645926666666
2006-10-01 00:00:00,,0.053087994,,,
2006-10-15 00:00:00,,,0.068675704,-0.032666896,
2006-10-16 00:00:00,5.260642535483871,,,,5.31351165483871
2006-11-01 00:00:00,,0.06792609,,,
2006-11-15 00:00:00,,,-0.06596494,-0.039557464,
2006-11-15 12:00:00,3.764204603333333,,,,5.334386993333334
2006-12-01 00:00:00,,0.08416958,,,
2006-12-15 00:00:00,,,0.36584163,-0.04578281,
2006-12-16 00:00:00,2.8386578161290323,,,,5.355272216129032
2007-01-01 00:00:00,,0.1100332,,,
2007-01-15 00:00:00,,,0.32501215,-0.033881184,
2007-01-16 00:00:00,3.1873757548387096,,,,5.376509658064516
2007-02-01 00:00:00,,0.120105304,,,
2007-02-14 12:00:00,4.2449894892857145,,,,5.396728853571429
2007-02-15 00:00:00,,,0.33989573,-0.011213461,
2007-03-01 00:00:00,,0.10465824,,,
2007-03-15 00:00:00,,,0.33501217,0.016779454,
2007-03-16 00:00:00,5.05472215483871,,,,5.416957274193549
2007-04-01 00:00:00,,0.079845205,,,
2007-04-15 00:00:00,,,0.41863024,0.036515232,
2007-04-15 12:00:00,5.274960423333334,,,,5.437880983333333
2007-05-01 00:00:00,,0.062349737,,,
2007-05-15 00:00:00,,,0.5768059,0.03800332,
2007-05-16 00:00:00,5.245974922580645,,,,5.458814367741935
2007-06-01 00:00:00,,0.05593414,,,
2007-06-15 00:00:00,,,0.360753,0.04903038,
2007-06-15 12:00:00,5.30142835,,,,5.479757443333333
2007-07-01 00:00:00,,0.046265293,,,
2007-07-15 00:00:00,,,0.1066203,0.06215218,
2007-07-16 00:00:00,5.18223654516129,,,,5.500710383870968
2007-08-01 00:00:00,,0.044252437,,,
2007-08-15 00:00:00,,,-0.32055992,0.069524705,
2007-08-16 00:00:00,4.54282623548387,,,,5.522016780645162
2007-09-01 00:00:00,,0.045396,,,
2007-09-15 00:00:00,,,-0.35372928,0.09140558,
2007-09-15 12:00:00,3.5975954266666665,,,,5.54298924
2007-10-01 00:00:00,,0.052674644,,,
2007-10-15 00:00:00,,,-0.2552192,0.096823104,
2007-10-16 00:00:00,2.829680019354839,,,,5.563971558064516
2007-11-01 00:00:00,,0.07959219,,,
2007-11-15 00:00:00,,,-0.5012066,0.09395207,
2007-11-15 12:00:00,2.392840206666667,,,,5.584963556666667
2007-12-01 00:00:00,,0.11241622,,,
2007-12-15 00:00:00,,,-0.39436895,0.09046443,
2007-12-16 00:00:00,2.32341235483871,,,,5.605965332258064
2008-01-01 00:00:00,,0.12497138,,,
2008-01-15 00:00:00,,,0.016649911,0.07339419,
2008-01-16 00:00:00,2.9195972193548387,,,,5.627321416129032
2008-02-01 00:00:00,,0.115188405,,,
2008-02-15 00:00:00,4.267850034482759,,0.09998407,0.058128446,5.647998093103449
2008-03-01 00:00:00,,0.11119062,,,
2008-03-15 00:00:00,,,0.22928654,0.038596805,
2008-03-16 00:00:00,5.950932374193548,,,,5.668684316129032
2008-04-01 00:00:00,,0.0818547,,,
2008-04-15 00:00:00,,,0.14540188,0.013834499,
2008-04-15 12:00:00,7.123922726666667,,,,5.689724896666666
2008-05-01 00:00:00,,0.055728983,,,
2008-05-15 00:00:00,,,0.09847787,-0.0035658926,
2008-05-16 00:00:00,7.17860235483871,,,,5.710775209677419
2008-06-01 00:00:00,,0.051168155,,,
2008-06-15 00:00:00,,,0.22934747,-0.004747109,
2008-06-15 12:00:00,6.358483096666666,,,,5.731835323333333
2008-07-01 00:00:00,,0.046680138,,,
2008-07-15 00:00:00,,,0.38373622,0.004169018,
2008-07-16 00:00:00,5.374946119354839,,,,5.752905225806451
2008-08-01 00:00:00,,0.042037137,,,
2008-08-15 00:00:00,,,0.03798422,0.02304041,
2008-08-16 00:00:00,4.839889003225807,,,,5.774330325806452
2008-09-01 00:00:00,,0.043387417,,,
2008-09-15 00:00:00,,,0.28222078,0.05054213,
2008-09-15 12:00:00,4.7499062,,,,5.79541985
2008-10-01 00:00:00,,0.05258711,,,
2008-10-15 00:00:00,,,-0.34238923,0.07238046,
2008-10-16 00:00:00,4.79834536451613,,,,5.816519106451612
2008-11-01 00:00:00,,0.071524605,,,
2008-11-15 00:00:00,,,0.20729037,0.08250865,
2008-11-15 12:00:00,5.012035156666667,,,,5.837627983333333
2008-12-01 00:00:00,,0.11899726,,,
2008-12-15 00:00:00,,,-0.074820474,0.09167024,
2008-12-16 00:00:00,5.429150667741935,,,,5.858746770967742
2009-01-01 00:00:00,,0.14406097,,,
2009-01-15 00:00:00,,,-0.053697135,0.10234083,
2009-01-16 00:00:00,5.812612790322581,,,,5.880221661290323
2009-02-01 00:00:00,,0.13185135,,,
2009-02-14 12:00:00,5.831063964285714,,,,5.9006667
2009-02-15 00:00:00,,,-0.014150711,0.10671797,
2009-03-01 00:00:00,,0.120546296,,,
2009-03-15 00:00:00,,,-0.24846007,0.10750209,
2009-03-16 00:00:00,5.616183229032258,,,,5.921121061290323
2009-04-01 00:00:00,,0.09284977,,,
2009-04-15 00:00:00,,,-0.1864883,0.1182442,
2009-04-15 12:00:00,5.703380853333333,,,,5.942278246666667
2009-05-01 00:00:00,,0.060108732,,,
2009-05-15 00:00:00,,,0.34670562,0.13180271,
2009-05-16 00:00:00,6.3708040225806455,,,,5.963445225806452
2009-06-01 00:00:00,,0.048957083,,,
2009-06-15 00:00:00,,,0.5341549,0.1287967,
2009-06-15 12:00:00,7.126968156666667,,,,5.984621903333333
2009-07-01 00:00:00,,0.045269176,,,
2009-07-15 00:00:00,,,0.36119252,0.12679242,
2009-07-16 00:00:00,7.172155616129032,,,,6.005808374193548
2009-08-01 00:00:00,,0.04173687,,,
2009-08-15 00:00:00,,,0.33069462,0.13272783,
2009-08-16 00:00:00,6.284126370967742,,,,6.0273522
2009-09-01 00:00:00,,0.0463811,,,
2009-09-15 00:00:00,,,0.31509888,0.12994167,
2009-09-15 12:00:00,5.556951443333333,,,,6.048558203333333
2009-10-01 00:00:00,,0.057311233,,,
2009-10-15 00:00:00,,,0.12419236,0.13091159,
2009-10-16 00:00:00,6.206482309677419,,,,6.069774125806451
2009-11-01 00:00:00,,0.08158698,,,
2009-11-15 00:00:00,,,-0.3944649,0.13077866,
2009-11-15 12:00:00,8.560290556666667,,,,6.090999633333333
2009-12-01 00:00:00,,0.11245394,,,
2009-12-15 00:00:00,,,-0.061354578,0.13078324,
2009-12-16 00:00:00,11.642542983870968,,,,6.1122350419354845
2010-01-01 00:00:00,,0.13421172,,,
2010-01-15 00:00:00,,,0.19582413,0.14674054,
2010-01-16 00:00:00,13.668425612903224,,,,6.133828451612904
2010-02-01 00:00:00,,0.14612976,,,
2010-02-14 12:00:00,13.412240125,,,,6.1543863142857145
2010-02-15 00:00:00,,,0.13091244,0.16704255,
2010-03-01 00:00:00,,0.14318547,,,
2010-03-15 00:00:00,,,0.23599595,0.18924254,
2010-03-16 00:00:00,11.343056161290324,,,,6.17495345483871
2010-04-01 00:00:00,,0.084989965,,,
2010-04-15 00:00:00,,,0.65431404,0.21856573,
2010-04-15 12:00:00,8.935582616666666,,,,6.1962273
2010-05-01 00:00:00,,0.060146596,,,
2010-05-15 00:00:00,,,0.24037407,0.2341019,
2010-05-16 00:00:00,7.603814354838709,,,,6.217510864516129
2010-06-01 00:00:00,,0.052976083,,,
2010-06-15 00:00:00,,,-0.056837164,0.2257134,
2010-06-15 12:00:00,7.432774506666666,,,,6.2388042200000005
2010-07-01 00:00:00,,0.049593993,,,
2010-07-15 00:00:00,,,0.5737148,0.21520023,
2010-07-16 00:00:00,7.7129723,,,,6.260107248387097
2010-08-01 00:00:00,,0.046181247,,,
2010-08-15 00:00:00,,,0.13290605,0.20302145,
2010-08-16 00:00:00,8.094029712903227,,,,6.281769535483871
2010-09-01 00:00:00,,0.047830313,,,
2010-09-15 00:00:00,,,0.053562857,0.20344648,
2010-09-15 12:00:00,8.827925833333333,,,,6.303092236666667
2010-10-01 00:00:00,,0.06070355,,,
2010-10-15 00:00:00,,,-0.06717515,0.21067002,
2010-10-16 00:00:00,10.05270206451613,,,,6.324424783870968
2010-11-01 00:00:00,,0.08407782,,,
2010-11-15 00:00:00,,,-0.0743047,0.21351467,
2010-11-15 12:00:00,11.070812766666668,,,,6.345766866666667
2010-12-01 00:00:00,,0.13561842,,,
2010-12-15 00:00:00,,,0.20699519,0.22401461,
2010-12-16 00:00:00,10.919618306451614,,,,6.367118929032258
2011-01-01 00:00:00,,0.13242786,,,
2011-01-15 00:00:00,,,0.43043727,0.22644721,
2011-01-16 00:00:00,9.26230479032258,,,,6.388830877419355
2011-02-01 00:00:00,,0.13956021,,,
2011-02-14 12:00:00,6.970358835714285,,,,6.409501542857143
2011-02-15 00:00:00,,,0.4762113,0.21523024,
2011-03-01 00:00:00,,0.1203731,,,
2011-03-15 00:00:00,,,0.32677767,0.2011223,
2011-03-16 00:00:00,5.213225158064517,,,,6.4301814967741935
2011-04-01 00:00:00,,0.075055875,,,
2011-04-15 00:00:00,,,0.64578706,0.18330483,
2011-04-15 12:00:00,4.805760723333333,,,,6.451571889999999
2011-05-01 00:00:00,,0.062358346,,,
2011-05-15 00:00:00,,,0.26016676,0.17682007,
2011-05-16 00:00:00,5.637374993548387,,,,6.472972187096775
2011-06-01 00:00:00,,0.051019646,,,
2011-06-15 00:00:00,,,0.21804547,0.20004626,
2011-06-15 12:00:00,6.700157813333333,,,,6.494382066666666
2011-07-01 00:00:00,,0.048880022,,,
2011-07-15 00:00:00,,,0.17266983,0.2255746,
2011-07-16 00:00:00,7.111295319354839,,,,6.515801796774193
2011-08-01 00:00:00,,0.044373076,,,
2011-08-15 00:00:00,,,-0.06536437,0.24599202,
2011-08-16 00:00:00,6.562850638709677,,,,6.537582625806452
2011-09-01 00:00:00,,0.04678161,,,
2011-09-15 00:00:00,,,0.73155946,0.2631134,
2011-09-15 12:00:00,5.4505936,,,,6.55902193
2011-10-01 00:00:00,,0.053937662,,,
2011-10-15 00:00:00,,,0.05446213,0.28766176,
2011-10-16 00:00:00,4.383172109677419,,,,6.58047104516129
2011-11-01 00:00:00,,0.069676794,,,
2011-11-15 00:00:00,,,-0.18819202,0.32704383,
2011-11-15 12:00:00,3.5505383,,,,6.601929803333333
2011-12-01 00:00:00,,0.083855264,,,
2011-12-15 00:00:00,,,0.2363694,0.34615767,
2011-12-16 00:00:00,2.83763064516129,,,,6.623398422580645
2012-01-01 00:00:00,,0.115406126,,,
2012-01-15 00:00:00,,,0.014865076,0.34125757,
2012-01-16 00:00:00,2.438799551612904,,,,6.645228964516129
2012-02-01 00:00:00,,0.13045172,,,
2012-02-15 00:00:00,2.9492477241379307,,-0.22654271,0.3267687,6.66636478275862
2012-03-01 00:00:00,,0.108305946,,,
2012-03-15 00:00:00,,,-0.08373,0.31110695,
2012-03-16 00:00:00,4.517788806451613,,,,6.687510158064517
2012-04-01 00:00:00,,0.076601565,,,
2012-04-15 00:00:00,,,0.11880097,0.2992642,
2012-04-15 12:00:00,6.36035285,,,,6.709017533333333
2012-05-01 00:00:00,,0.05466895,,,
2012-05-15 00:00:00,,,0.4646192,0.29655758,
2012-05-16 00:00:00,7.278722603225806,,,,6.730534677419355
2012-06-01 00:00:00,,0.046348177,,,
2012-06-15 00:00:00,,,0.8337742,0.28381705,
2012-06-15 12:00:00,6.99171101,,,,6.752061516666667
2012-07-01 00:00:00,,0.043517243,,,
2012-07-15 00:00:00,,,0.90846425,0.264331,
2012-07-16 00:00:00,6.439085258064517,,,,6.773598212903226
2012-08-01 00:00:00,,0.040812,,,
2012-08-15 00:00:00,,,0.7781924,0.26522782,
2012-08-16 00:00:00,6.5818952,,,,6.795497925806451
2012-09-01 00:00:00,,0.044338085,,,
2012-09-15 00:00:00,,,0.23010314,0.25826785,
2012-09-15 12:00:00,7.21019648,,,,6.817054146666666
2012-10-01 00:00:00,,0.04820601,,,
2012-10-15 00:00:00,,,0.93460625,0.25183842,
2012-10-16 00:00:00,7.548674577419354,,,,6.838620196774194
2012-11-01 00:00:00,,0.0644347,,,
2012-11-15 00:00:00,,,0.8142528,0.2730431,
2012-11-15 12:00:00,7.444586086666666,,,,6.860195906666666
2012-12-01 00:00:00,,0.102026045,,,
2012-12-15 00:00:00,,,0.23590204,0.28491536,
2012-12-16 00:00:00,7.630305487096773,,,,6.881781458064516
2013-01-01 00:00:00,,0.115636714,,,
2013-01-15 00:00:00,,,0.16632558,0.29094726,
2013-01-16 00:00:00,8.618207983870967,,,,6.903730793548387
2013-02-01 00:00:00,,0.11422054,,,
2013-02-14 12:00:00,9.884462392857143,,,,6.924627371428572
2013-02-15 00:00:00,,,0.044857107,0.31738013,
2013-03-01 00:00:00,,0.13977405,,,
2013-03-15 00:00:00,,,0.0063680583,0.34762096,
2013-03-16 00:00:00,10.504636064516127,,,,6.945533264516128
2013-04-01 00:00:00,,0.093568526,,,
2013-04-15 00:00:00,,,0.3977443,0.37444836,
2013-04-15 12:00:00,9.929045866666666,,,,6.96715728
2013-05-01 00:00:00,,0.06472899,,,
2013-05-15 00:00:00,,,0.3782913,0.38297218,
2013-05-16 00:00:00,8.538843429032259,,,,6.988791048387097
2013-06-01 00:00:00,,0.053404715,,,
2013-06-15 00:00:00,,,-0.51162374,0.3636206,
2013-06-15 12:00:00,7.27666133,,,,7.01043448
2013-07-01 00:00:00,,0.047424134,,,
2013-07-15 00:00:00,,,-0.032990396,0.3231236,
2013-07-16 00:00:00,6.71354120967742,,,,7.0320878161290326
2013-08-01 00:00:00,,0.04242428,,,
2013-08-15 00:00:00,,,0.18334275,0.27830565,
2013-08-16 00:00:00,6.69043810967742,,,,7.05410599032258
2013-09-01 00:00:00,,0.045072768,,,
2013-09-15 00:00:00,,,0.14877322,0.2663569,
2013-09-15 12:00:00,6.56245907,,,,7.07577886
2013-10-01 00:00:00,,0.051595155,,,
2013-10-15 00:00:00,,,0.32863563,0.26791248,
2013-10-16 00:00:00,6.064133825806452,,,,7.097461525806451
2013-11-01 00:00:00,,0.06370073,,,
2013-11-15 00:00:00,,,0.5554593,0.25605828,
2013-11-15 12:00:00,5.596726816666666,,,,7.11915393
2013-12-01 00:00:00,,0.09620308,,,
2013-12-15 00:00:00,,,0.06258676,0.26260176,
2013-12-16 00:00:00,5.571185377419355,,,,7.140856070967742
2014-01-01 00:00:00,,0.113727994,,,
2014-01-15 00:00:00,,,0.47817904,0.28052,
2014-01-16 00:00:00,5.991006558064517,,,,7.1629239290322575
2014-02-01 00:00:00,,0.12476075,,,
2014-02-14 12:00:00,6.327038589285714,,,,7.183933321428571
2014-02-15 00:00:00,,,0.5789205,0.28793564,
2014-03-01 00:00:00,,0.10002508,,,
2014-03-15 00:00:00,,,0.5623667,0.29109251,
2014-03-16 00:00:00,6.311233470967742,,,,7.204951980645161
2014-04-01 00:00:00,,0.06446145,,,
2014-04-15 00:00:00,,,0.7604198,0.2854273,
2014-04-15 12:00:00,6.194592626666666,,,,7.226692666666667
2014-05-01 00:00:00,,0.05192976,,,
2014-05-15 00:00:00,,,0.2321437,0.28340724,
2014-05-16 00:00:00,6.484142709677419,,,,7.248443016129032
2014-06-01 00:00:00,,0.048097324,,,
2014-06-15 00:00:00,,,0.13737445,0.30495194,
2014-06-15 12:00:00,7.292297026666666,,,,7.27020308
2014-07-01 00:00:00,,0.045173142,,,
2014-07-15 00:00:00,,,-0.338993,0.34366602,
2014-07-16 00:00:00,8.176861187096774,,,,7.291973012903226
2014-08-01 00:00:00,,0.043071285,,,
2014-08-15 00:00:00,,,-0.12561211,0.38154316,
2014-08-16 00:00:00,8.77078006451613,,,,7.314109751612904
2014-09-01 00:00:00,,0.043970175,,,
2014-09-15 00:00:00,,,0.5603673,0.4102019,
2014-09-15 12:00:00,8.9293649,,,,7.335899256666666
2014-10-01 00:00:00,,0.051099114,,,
2014-10-15 00:00:00,,,0.679011,0.4252382,
2014-10-16 00:00:00,8.537659241935485,,,,7.357698522580645
2014-11-01 00:00:00,,0.06924905,,,
2014-11-15 00:00:00,,,0.5008455,0.4264328,
2014-11-15 12:00:00,7.560370036666667,,,,7.379507476666666
2014-12-01 00:00:00,,0.08819043,,,
2014-12-15 00:00:00,,,0.86339706,0.43492293,
2014-12-16 00:00:00,6.108960161290323,,,,7.401326293548387
2015-01-01 00:00:00,,0.13284153,,,
2015-01-15 00:00:00,,,0.39890537,0.4500871,
2015-01-16 00:00:00,4.557667958064516,,,,7.423512674193549
2015-02-01 00:00:00,,0.14111935,,,
2015-02-14 12:00:00,3.555064557142857,,,,7.444634871428571
2015-02-15 00:00:00,,,0.16822836,0.45802674,
2015-03-01 00:00:00,,0.1270653,,,
2015-03-15 00:00:00,,,0.03452636,0.4629724,
2015-03-16 00:00:00,3.304770983870968,,,,7.465766296774194
2015-04-01 00:00:00,,0.08780883,,,
2015-04-15 00:00:00,,,0.09765646,0.46987265,
2015-04-15 12:00:00,3.74173538,,,,7.487623549999999
2015-05-01 00:00:00,,0.056592934,,,
2015-05-15 00:00:00,,,0.58141553,0.47262657,
2015-05-16 00:00:00,4.6430123709677416,,,,7.509490596774193
2015-06-01 00:00:00,,0.05073126,,,
2015-06-15 00:00:00,,,0.31939864,0.47389862,
2015-06-15 12:00:00,5.793701933333334,,,,7.531367326666666
2015-07-01 00:00:00,,0.04546138,,,
2015-07-15 00:00:00,,,0.99426305,0.4904194,
2015-07-16 00:00:00,6.9989499483870965,,,,7.5532538
2015-08-01 00:00:00,,0.042798597,,,
2015-08-15 00:00:00,,,0.9741914,0.50237846,
2015-08-16 00:00:00,7.893310964516129,,,,7.575509122580645
2015-09-01 00:00:00,,0.04667045,,,
2015-09-15 00:00:00,,,0.7335448,0.49832088,
2015-09-15 12:00:00,8.141421333333334,,,,7.597415203333333
2015-10-01 00:00:00,,0.056693498,,,
2015-10-15 00:00:00,,,0.4656052,0.4932464,
2015-10-16 00:00:00,7.864273806451613,,,,7.619331112903226
2015-11-01 00:00:00,,0.067990616,,,
2015-11-15 00:00:00,,,0.4758312,0.49410436,
2015-11-15 12:00:00,7.629857073333333,,,,7.641256723333333
2015-12-01 00:00:00,,0.08691186,,,
2015-12-15 00:00:00,,,0.54974055,0.4924111,
2015-12-16 00:00:00,7.911012593548387,,,,7.663192141935484
2016-01-01 00:00:00,,0.123756185,,,
2016-01-15 00:00:00,,,0.71890545,0.48250133,
2016-01-16 00:00:00,8.593586225806453,,,,7.685497106451613
2016-02-01 00:00:00,,0.11640849,,,
2016-02-15 00:00:00,9.142080879310344,,0.7192968,0.47843197,7.707092144827586
2016-03-01 00:00:00,,0.10153781,,,
2016-03-15 00:00:00,,,0.6593832,0.49051264,
2016-03-16 00:00:00,9.25346793548387,,,,7.7286966516129025
2016-04-01 00:00:00,,0.06624408,,,
2016-04-15 00:00:00,,,0.9946157,0.5149594,
2016-04-15 12:00:00,9.0017748,,,,7.750670813333333
2016-05-01 00:00:00,,0.054993972,,,
2016-05-15 00:00:00,,,0.13013454,0.5307757,
2016-05-16 00:00:00,8.670432032258065,,,,7.772654764516129
2016-06-01 00:00:00,,0.04908444,,,
2016-06-15 00:00:00,,,0.30044267,0.55343825,
2016-06-15 12:00:00,8.392656083333334,,,,7.794648413333333
2016-07-01 00:00:00,,0.04453429,,,
2016-07-15 00:00:00,,,0.29093504,0.5690391,
2016-07-16 00:00:00,8.17942920967742,,,,7.816651932258064
2016-08-01 00:00:00,,0.041074462,,,
2016-08-15 00:00:00,,,-0.18150365,0.55507654,
2016-08-16 00:00:00,8.099307064516129,,,,7.839025958064516
2016-09-01 00:00:00,,0.044182237,,,
2016-09-15 00:00:00,,,0.4214938,0.5319744,
2016-09-15 12:00:00,7.9491961,,,,7.861049043333334
2016-10-01 00:00:00,,0.049623393,,,
2016-10-15 00:00:00,,,0.5743105,0.50801474,
2016-10-16 00:00:00,7.272656632258065,,,,7.8830819
2016-11-01 00:00:00,,0.067649774,,,
2016-11-15 00:00:00,,,0.64672697,0.48534542,
2016-11-15 12:00:00,6.00923811,,,,7.905124483333333
2016-12-01 00:00:00,,0.08772393,,,
2016-12-15 00:00:00,,,0.63624024,0.45991877,
2016-12-16 00:00:00,4.761294138709677,,,,7.927176787096775
2017-01-01 00:00:00,,0.10265795,,,
2017-01-15 00:00:00,,,0.15039271,0.43643618,
2017-01-16 00:00:00,4.295464464516129,,,,7.94960065483871
2017-02-01 00:00:00,,0.116567805,,,
2017-02-14 12:00:00,4.811451075,,,,7.970948703571429
2017-02-15 00:00:00,,,0.2214122,0.41854504,
2017-03-01 00:00:00,,0.108667515,,,
2017-03-15 00:00:00,,,0.5612142,0.4061366,
2017-03-16 00:00:00,5.89464225483871,,,,7.99230605483871
2017-04-01 00:00:00,,0.06341996,,,
2017-04-15 00:00:00,,,0.74441445,0.39862788,
2017-04-15 12:00:00,7.110141503333334,,,,8.0143969
2017-05-01 00:00:00,,0.047775086,,,
2017-05-15 00:00:00,,,0.6938408,0.41833755,
2017-05-16 00:00:00,8.213112277419354,,,,8.03649743548387
2017-06-01 00:00:00,,0.042763967,,,
2017-06-15 00:00:00,,,1.2947748,0.4570323,
2017-06-15 12:00:00,9.129049883333332,,,,8.058607683333333
2017-07-01 00:00:00,,0.04110171,,,
2017-07-15 00:00:00,,,0.76772606,0.48220715,
2017-07-16 00:00:00,9.566317241935485,,,,8.08072777419355
2017-08-01 00:00:00,,0.038708236,,,
2017-08-15 00:00:00,,,0.5305264,0.5134312,
2017-08-16 00:00:00,9.237089322580644,,,,8.103220403225807
2017-09-01 00:00:00,,0.043009143,,,
2017-09-15 00:00:00,,,0.0683065,0.547278,
2017-09-15 12:00:00,8.306453620000001,,,,8.125360183333333
2017-10-01 00:00:00,,0.049137834,,,
2017-10-15 00:00:00,,,-0.019220712,0.55445427,
2017-10-16 00:00:00,7.112711248387097,,,,8.147509629032259
2017-11-01 00:00:00,,0.06900282,,,
2017-11-15 00:00:00,,,-0.12746896,0.5444219,
2017-11-15 12:00:00,6.191212016666666,,,,8.169668699999999
2017-12-01 00:00:00,,0.10059889,,,
2017-12-15 00:00:00,,,-0.06743907,0.53192985,
2017-12-16 00:00:00,6.4604891645161295,,,,8.191837774193548
2018-01-01 00:00:00,,0.1133823,,,
2018-01-15 00:00:00,,,0.20892107,0.5231787,
2018-01-16 00:00:00,8.359457,,,,8.214380161290322
2018-02-01 00:00:00,,0.11359993,,,
2018-02-14 12:00:00,10.840791089285714,,,,8.235840910714286
2018-02-15 00:00:00,,,0.37050638,0.51708275,
2018-03-01 00:00:00,,0.1183139,,,
2018-03-15 00:00:00,,,0.41256884,0.5060732,
2018-03-16 00:00:00,12.369322322580643,,,,8.257311096774194
2018-04-01 00:00:00,,0.08470753,,,
2018-04-15 00:00:00,,,0.88101125,0.48306534,
2018-04-15 12:00:00,12.07162065,,,,8.279518516666666
2018-05-01 00:00:00,,0.061154287,,,
2018-05-15 00:00:00,,,1.1898038,0.44187826,
2018-05-16 00:00:00,10.591894612903223,,,,8.301735725806452
2018-06-01 00:00:00,,0.050694123,,,
2018-06-15 00:00:00,,,1.0981207,0.40291202,
2018-06-15 12:00:00,9.437680266666666,,,,8.323962683333333
2018-07-01 00:00:00,,0.04618063,,,
2018-07-15 00:00:00,,,0.7016495,0.39350122,
2018-07-16 00:00:00,9.235869403225808,,,,8.346199338709678
2018-08-01 00:00:00,,0.044194583,,,
2018-08-15 00:00:00,,,0.9065369,0.39825818,
2018-08-16 00:00:00,9.47907229032258,,,,8.368810548387097
2018-09-01 00:00:00,,0.045566246,,,
2018-09-15 00:00:00,,,0.95809793,0.40731445,
2018-09-15 12:00:00,9.45308905,,,,8.391066833333333
2018-10-01 00:00:00,,0.057599097,,,
2018-10-15 00:00:00,,,0.38216755,0.43248755,
2018-10-16 00:00:00,9.174562951612904,,,,8.413332967741935
2018-11-01 00:00:00,,0.078270815,,,
2018-11-15 00:00:00,,,0.3573182,0.46466064,
2018-11-15 12:00:00,8.94647595,,,,8.435608733333334
2018-12-01 00:00:00,,0.1032457,,,
2018-12-15 00:00:00,,,0.32602903,0.4923735,
2018-12-16 00:00:00,8.767390887096774,,,,8.457894258064517
2019-01-01 00:00:00,,0.113783024,,,
2019-01-15 00:00:00,,,0.040548917,0.5061814,
2019-01-16 00:00:00,8.469614774193548,,,,8.480555241935484
2019-02-01 00:00:00,,0.12673278,,,
2019-02-14 12:00:00,7.985648471428571,,,,8.502128803571429
2019-02-15 00:00:00,,,0.038649835,0.51220727,
2019-03-01 00:00:00,,0.11192774,,,
2019-03-15 00:00:00,,,0.21551818,0.51723194,
2019-03-16 00:00:00,7.462354245161291,,,,8.523711838709678
2019-04-01 00:00:00,,0.08375601,,,
2019-04-15 00:00:00,,,-0.014266283,0.50924486,
2019-04-15 12:00:00,7.236177373333334,,,,8.546035816666667
2019-05-01 00:00:00,,0.059563316,,,
2019-05-15 00:00:00,,,-0.5244574,0.49216518,
2019-05-16 00:00:00,7.521464577419355,,,,8.568369612903226
2019-06-01 00:00:00,,0.049924076,,,
2019-06-15 00:00:00,,,0.64269334,0.45721248,
2019-06-15 12:00:00,8.011444396666667,,,,8.590713166666667
2019-07-01 00:00:00,,0.04358109,,,
2019-07-15 00:00:00,,,0.9680891,0.42464292,
2019-07-16 00:00:00,8.22749464516129,,,,8.613066532258065
2019-08-01 00:00:00,,0.04193352,,,
2019-08-15 00:00:00,,,0.5584977,0.41170678,
2019-08-16 00:00:00,8.222896822580644,,,,8.635796129032258
2019-09-01 00:00:00,,0.04431241,,,
2019-09-15 00:00:00,,,0.4750358,0.400612,
2019-09-15 12:00:00,8.607338533333332,,,,8.658169266666667
2019-10-01 00:00:00,,0.049179975,,,
2019-10-15 00:00:00,,,0.78235894,0.39596522,
2019-10-16 00:00:00,9.459429919354838,,,,8.680551887096774
2019-11-01 00:00:00,,0.0725759,,,
2019-11-15 00:00:00,,,0.6152598,0.40199903,
2019-11-15 12:00:00,10.083736333333333,,,,8.702944266666666
2019-12-01 00:00:00,,0.10617616,,,
2019-12-15 00:00:00,,,0.5200487,0.41554445,
2019-12-16 00:00:00,9.780839338709676,,,,8.725346467741936
2020-01-01 00:00:00,,0.11050876,,,
2020-01-15 00:00:00,,,0.2842133,0.43575153,
2020-01-16 00:00:00,8.696348193548387,,,,8.748125903225807
2020-02-01 00:00:00,,0.109919354,,,
2020-02-15 00:00:00,7.814609475862069,,0.58445406,0.46199208,8.770180051724138
2020-03-01 00:00:00,,0.09132091,,,
2020-03-15 00:00:00,,,0.43980545,0.48072377,
2020-03-16 00:00:00,7.861668641935484,,,,8.792243709677418
2020-04-01 00:00:00,,0.06479964,,,
2020-04-15 00:00:00,,,0.47039557,0.4883166,
2020-04-15 12:00:00,8.795562966666667,,,,8.814684683333333
2020-05-01 00:00:00,,0.049533155,,,
2020-05-15 00:00:00,,,0.7805958,0.50936973,
2020-05-16 00:00:00,9.97437158064516,,,,8.837135532258065
2020-06-01 00:00:00,,0.04351034,,,
2020-06-15 00:00:00,,,-0.17040071,0.5271741,
2020-06-15 12:00:00,10.759488833333334,,,,8.859595916666667
2020-07-01 00:00:00,,0.03959735,,,
2020-07-15 00:00:00,,,0.4068311,0.52266234,
2020-07-16 00:00:00,10.840820322580646,,,,8.88206627419355
2020-08-01 00:00:00,,0.03734817,,,
2020-08-15 00:00:00,,,0.58042026,0.5211576,
2020-08-16 00:00:00,10.341618387096776,,,,8.904914822580645
2020-09-01 00:00:00,,0.044462554,,,
2020-09-15 00:00:00,,,0.7516652,0.5238496,
2020-09-15 12:00:00,9.796442216666666,,,,8.927404633333333
2020-10-01 00:00:00,,0.05373139,,,
2020-10-15 00:00:00,,,0.3655561,0.5111712,
2020-10-16 00:00:00,9.866588774193549,,,,8.949904322580647
2020-11-01 00:00:00,,0.061528955,,,
2020-11-15 00:00:00,,,0.6635519,0.48849624,
2020-11-15 12:00:00,10.691429166666667,,,,8.972413616666667
2020-12-01 00:00:00,,0.08569557,,,
2020-12-15 00:00:00,,,0.6699755,0.4638178,
2020-12-16 00:00:00,11.570581112903223,,,,8.994932806451613
2021-01-01 00:00:00,,0.11229644,,,
2021-01-15 00:00:00,,,0.6665427,0.44331148,
2021-01-16 00:00:00,11.508127580645162,,,,9.017831064516129
2021-02-01 00:00:00,,0.11432846,,,
2021-02-14 12:00:00,10.276523839285714,,,,9.039630642857142
2021-02-15 00:00:00,,,0.6722018,0.4297148,
2021-03-01 00:00:00,,0.09184401,,,
2021-03-15 00:00:00,,,0.4810873,0.4109033,
2021-03-16 00:00:00,8.618087638709676,,,,9.061439532258063
2021-04-01 00:00:00,,0.07353378,,,
2021-04-15 00:00:00,,,0.08462089,0.38969123,
2021-04-15 12:00:00,7.62707033,,,,9.0839971
2021-05-01 00:00:00,,0.052640982,,,
2021-05-15 00:00:00,,,0.38720575,0.37853345,
2021-05-16 00:00:00,7.931370432258064,,,,9.106564548387096
2021-06-01 00:00:00,,0.046336666,,,
2021-06-15 00:00:00,,,0.5856407,0.41656467,
2021-06-15 12:00:00,8.9864825,,,,9.129141533333332
2021-07-01 00:00:00,,0.043827254,,,
2021-07-15 00:00:00,,,0.80857533,0.47652778,
2021-07-16 00:00:00,9.734130822580646,,,,9.151728516129031
2021-08-01 00:00:00,,0.0420192,,,
2021-08-15 00:00:00,,,0.6457849,0.5111199,
2021-08-16 00:00:00,9.601107,,,,9.174695548387096
2021-09-01 00:00:00,,0.044983838,,,
2021-09-15 00:00:00,,,0.516964,0.530825,
2021-09-15 12:00:00,8.997191766666667,,,,9.197302166666669
2021-10-01 00:00:00,,0.05112479,,,
2021-10-15 00:00:00,,,0.13186911,0.54213667,
2021-10-16 00:00:00,8.577796806451612,,,,9.219918306451614
2021-11-01 00:00:00,,0.072153226,,,
2021-11-15 00:00:00,,,0.17735085,0.5521939,
2021-11-15 12:00:00,8.502224199999999,,,,9.24254445
2021-12-01 00:00:00,,0.10435579,,,
2021-12-15 00:00:00,,,-0.22660743,0.5628705,
2021-12-16 00:00:00,8.149013861290323,,,,9.265180016129031
2022-01-01 00:00:00,,0.11026483,,,
2022-01-15 00:00:00,,,0.046565752,0.57956356,
2022-01-16 00:00:00,6.92414230967742,,,,9.288196838709675
2022-02-01 00:00:00,,0.10836458,,,
2022-02-14 12:00:00,5.411518375,,,,9.310109142857144
2022-02-15 00:00:00,,,0.16946049,0.59072286,
2022-03-01 00:00:00,,0.10248019,,,
2022-03-15 00:00:00,,,-0.04815301,0.5986328,
2022-03-16 00:00:00,4.716518480645162,,,,9.332030870967742
2022-04-01 00:00:00,,0.08680612,,,
2022-04-15 00:00:00,,,-0.05982546,0.6224155,
2022-04-15 12:00:00,5.456315133333334,,,,9.35470505
2022-05-01 00:00:00,,0.060230672,,,
2022-05-15 00:00:00,,,0.7752438,0.6373649,
2022-05-16 00:00:00,7.084191893548387,,,,9.377389145161292
2022-06-01 00:00:00,,0.046779994,,,
2022-06-15 00:00:00,,,1.6604502,0.6414454,
2022-06-15 12:00:00,8.43185925,,,,9.4000828
2022-07-01 00:00:00,,0.0428691,,,
2022-07-15 00:00:00,,,1.4542083,0.6657115,
2022-07-16 00:00:00,8.925815387096774,,,,9.42278635483871
2022-08-01 00:00:00,,0.040203933,,,
2022-08-15 00:00:00,,,1.1934645,0.6897976,
2022-08-16 00:00:00,8.939323693548387,,,,9.44587193548387
2022-09-01 00:00:00,,0.04201919,,,
2022-09-15 00:00:00,,,1.0844667,0.6980536,
2022-09-15 12:00:00,9.370106766666668,,,,9.468595033333331
2022-10-01 00:00:00,,0.049936682,,,
2022-10-15 00:00:00,,,0.5757161,0.7286344,
2022-10-16 00:00:00,10.55002785483871,,,,9.491327983870969
2022-11-01 00:00:00,,0.062543444,,,
2022-11-15 00:00:00,,,0.93613595,0.7796553,
2022-11-15 12:00:00,11.67619175,,,,9.51407075
2022-12-01 00:00:00,,0.08678925,,,
2022-12-15 00:00:00,,,0.9098711,0.828921,
2022-12-16 00:00:00,11.781490516129033,,,,9.53682301612903
2023-01-01 00:00:00,,0.09523276,,,
2023-01-15 00:00:00,,,1.2279127,,
2023-01-16 00:00:00,10.828521951612904,,,,9.559958370967742
2023-02-01 00:00:00,,0.10507841,,,
2023-02-14 12:00:00,9.87382655357143,,,,9.581983375000002
2023-02-15 00:00:00,,,0.6464795,,
2023-03-01 00:00:00,,0.0992618,,,
2023-03-15 00:00:00,,,0.88648695,,
2023-03-16 00:00:00,9.701426129032258,,,,9.604017983870968
2023-04-01 00:00:00,,0.06429441,,,
2023-04-15 00:00:00,,,0.8207897,,
2023-04-15 12:00:00,10.21160285,,,,9.626808733333332
2023-05-01 00:00:00,,0.056196913,,,
2023-05-15 00:00:00,,,0.36860874,,
2023-05-16 00:00:00,10.861869177419354,,,,9.649609306451612
2023-06-01 00:00:00,,0.051801626,,,
2023-06-04 00:00:00,11.163400642857145,,,,9.663817428571427
2023-06-15 00:00:00,,,0.80010134,,
2023-07-01 00:00:00,,0.045011465,,,
2023-07-15 00:00:00,,,1.7588874,,
2023-08-01 00:00:00,,0.039442353,,,
2023-08-15 00:00:00,,,0.8516034,,
2023-09-01 00:00:00,,0.04173122,,,
2023-09-15 00:00:00,,,0.7074357,,
2023-10-01 00:00:00,,0.04329039,,,
2023-10-15 00:00:00,,,1.4092753,,
2023-11-01 00:00:00,,0.07077415,,,
2023-11-15 00:00:00,,,1.348947,,
2023-12-01 00:00:00,,0.09259859,,,
2023-12-15 00:00:00,,,0.96655256,,
