year_month,sea level corrected adjusted,chlorophylle,sst_anomaly_filtered,CO2,salinité,greenland_mass,antarctica_mass
1982-01-01,,,,,,,
1982-02-01,,,,,,,
1982-03-01,,,,,,,
1982-04-01,,,,,,,
1982-05-01,,,,,,,
1982-06-01,,,,,,,
1982-07-01,,,,,,,
1982-08-01,,,,,,,
1982-09-01,,,,,,,
1982-10-01,,,,,,,
1982-11-01,,,,,,,
1982-12-01,,,,,,,
1983-01-01,,,-0.99098366,,,,
1983-02-01,,,-1.0156205,,,,
1983-03-01,,,-1.0341288,,,,
1983-04-01,,,-1.0424277,,,,
1983-05-01,,,-1.0594907,,,,
1983-06-01,,,-1.1118072,,,,
1983-07-01,,,-1.1778748,,,,
1983-08-01,,,-1.2231166,,,,
1983-09-01,,,-1.2572497,,,,
1983-10-01,,,-1.2913964,,,,
1983-11-01,,,-1.3072218,,,,
1983-12-01,,,-1.2856736,,,,
1984-01-01,,,-1.2541541,,,,
1984-02-01,,,-1.2245597,,,,
1984-03-01,,,-1.1958174,,,,
1984-04-01,,,-1.175391,,,,
1984-05-01,,,-1.1677396,,,,
1984-06-01,,,-1.1532793,,,,
1984-07-01,,,-1.1430491,,,,
1984-08-01,,,-1.1403985,,,,
1984-09-01,,,-1.1233208,,,,
1984-10-01,,,-1.1025554,,,,
1984-11-01,,,-1.0848985,,,,
1984-12-01,,,-1.0652864,,,,
1985-01-01,,,-1.0395648,,,,
1985-02-01,,,-1.0192568,,,,
1985-03-01,,,-1.0008935,,,,
1985-04-01,,,-0.97993964,,,,
1985-05-01,,,-0.93244326,,,,
1985-06-01,,,-0.86758834,,,,
1985-07-01,,,-0.81968784,,,,
1985-08-01,,,-0.7688557,,,,
1985-09-01,,,-0.7076791,,,,
1985-10-01,,,-0.65383804,,,,
1985-11-01,,,-0.63139755,,,,
1985-12-01,,,-0.63504046,,,,
1986-01-01,,,-0.6435652,,,,
1986-02-01,,,-0.65686744,,,,
1986-03-01,,,-0.6696043,,,,
1986-04-01,,,-0.6845093,,,,
1986-05-01,,,-0.71239173,,,,
1986-06-01,,,-0.7549666,,,,
1986-07-01,,,-0.77939254,,,,
1986-08-01,,,-0.78036654,,,,
1986-09-01,,,-0.7617724,,,,
1986-10-01,,,-0.73569083,,,,
1986-11-01,,,-0.73035103,,,,
1986-12-01,,,-0.7381006,,,,
1987-01-01,,,-0.74103296,,,,
1987-02-01,,,-0.7281713,,,,
1987-03-01,,,-0.717973,,,,
1987-04-01,,,-0.7162138,,,,
1987-05-01,,,-0.7207686,,,,
1987-06-01,,,-0.7294781,,,,
1987-07-01,,,-0.7195513,,,,
1987-08-01,,,-0.6996757,,,,
1987-09-01,,,-0.70263845,,,,
1987-10-01,,,-0.7216711,,,,
1987-11-01,,,-0.73370403,,,,
1987-12-01,,,-0.7501472,,,,
1988-01-01,,,-0.7591819,,,,
1988-02-01,,,-0.75306326,,,,
1988-03-01,,,-0.7403202,,,,
1988-04-01,,,-0.7099248,,,,
1988-05-01,,,-0.66499174,,,,
1988-06-01,,,-0.6290915,,,,
1988-07-01,,,-0.621072,,,,
1988-08-01,,,-0.6180948,,,,
1988-09-01,,,-0.6313651,,,,
1988-10-01,,,-0.6741816,,,,
1988-11-01,,,-0.69278055,,,,
1988-12-01,,,-0.67863226,,,,
1989-01-01,,,-0.6680515,,,,
1989-02-01,,,-0.66454244,,,,
1989-03-01,,,-0.6532406,,,,
1989-04-01,,,-0.63895255,,,,
1989-05-01,,,-0.618534,,,,
1989-06-01,,,-0.59953755,,,,
1989-07-01,,,-0.59992397,,,,
1989-08-01,,,-0.6146186,,,,
1989-09-01,,,-0.6244879,,,,
1989-10-01,,,-0.60746783,,,,
1989-11-01,,,-0.5688312,,,,
1989-12-01,,,-0.5258565,,,,
1990-01-01,,,-0.48622862,,,,
1990-02-01,,,-0.4584608,,,,
1990-03-01,,,-0.44474444,,,,
1990-04-01,,,-0.4479466,,,,
1990-05-01,,,-0.47966042,,,,
1990-06-01,,,-0.5141234,,,,
1990-07-01,,,-0.53140044,,,,
1990-08-01,,,-0.54050237,,,,
1990-09-01,,,-0.5324167,,,,
1990-10-01,,,-0.5015146,,,,
1990-11-01,,,-0.48643598,,,,
1990-12-01,,,-0.50681496,,,,
1991-01-01,,,-0.540909,,,,
1991-02-01,,,-0.5773135,,,,
1991-03-01,,,-0.61479944,,,,
1991-04-01,,,-0.6522616,,,,
1991-05-01,,,-0.6969487,,,,
1991-06-01,,,-0.7351374,,,,
1991-07-01,,,-0.7585332,,,,
1991-08-01,,,-0.75681096,,,,
1991-09-01,,,-0.7368524,,,,
1991-10-01,,,-0.7442781,,,,
1991-11-01,,,-0.7702345,,,,
1991-12-01,,,-0.7906902,,,,
1992-01-01,,,-0.81327003,,,,
1992-02-01,,,-0.8346134,,,,
1992-03-01,,,-0.85438186,,,,
1992-04-01,,,-0.86836535,,,,
1992-05-01,,,-0.8376227,,,,
1992-06-01,,,-0.77000004,,,,
1992-07-01,,,-0.72743905,,,,
1992-08-01,,,-0.71335,,,,
1992-09-01,,,-0.7115399,,,,
1992-10-01,,,-0.7226361,,,,
1992-11-01,,,-0.7199616,,,,
1992-12-01,,,-0.6937293,,,,
1993-01-01,-1.9917211774193548,,-0.6571095,,,,
1993-02-01,-0.9555542307142858,,-0.6290498,,,,
1993-03-01,0.3165272445280645,,-0.59777164,,,,
1993-04-01,1.54954417,,-0.56001514,,,,
1993-05-01,2.083285283870968,,-0.5268568,,,,
1993-06-01,1.8555350066666667,,-0.49317023,,,,
1993-07-01,1.6532283129032257,,-0.45216516,,,,
1993-08-01,1.9429423548387093,,-0.41645998,,,,
1993-09-01,2.319861883333333,,-0.38773978,,,,
1993-10-01,2.242018612903226,,-0.3515057,,,,
1993-11-01,1.7886251633333332,,-0.32642168,,,,
1993-12-01,1.3726301838709678,,-0.31601796,,,,
1994-01-01,1.1712367580645162,,-0.3123637,,,,
1994-02-01,1.152731692857143,,-0.30234522,,,,
1994-03-01,1.3355997161290325,,-0.2768632,,,,
1994-04-01,1.7514926333333334,,-0.25798893,,,,
1994-05-01,2.172367274193548,,-0.25949436,,,,
1994-06-01,2.215872553333333,,-0.26971132,,,,
1994-07-01,1.9166400677419355,,-0.2558065,,,,
1994-08-01,1.737862370967742,,-0.22499338,,,,
1994-09-01,1.8487728966666663,,-0.2173526,,,,
1994-10-01,2.044964235483871,,-0.22250254,,,,
1994-11-01,2.1730231033333336,,-0.23684995,,,,
1994-12-01,2.231730529032258,,-0.26141742,,,,
1995-01-01,2.097922803225807,,-0.2743496,,,,
1995-02-01,1.6604427249999998,,-0.27263027,,,,
1995-03-01,1.1427696074193547,,-0.28347465,,,,
1995-04-01,0.986073157,,-0.3053673,,,,
1995-05-01,1.4211065645161292,,-0.31481153,,,,
1995-06-01,2.09344176,,-0.30763575,,,,
1995-07-01,2.333919177419355,,-0.31885576,,,,
1995-08-01,1.8808414548387096,,-0.3591497,,,,
1995-09-01,1.4601525700000002,,-0.41107813,,,,
1995-10-01,2.187958329032258,,-0.4791817,,,,
1995-11-01,4.287329369999999,,-0.5352326,,,,
1995-12-01,6.614800819354838,,-0.55787253,,,,
1996-01-01,7.637807054838709,,-0.547491,,,,
1996-02-01,6.976854696551724,,-0.52705467,,,,
1996-03-01,5.483842216129032,,-0.5133426,,,,
1996-04-01,4.094911773333333,,-0.5074921,,,,
1996-05-01,3.088496651612904,,-0.49833345,,,,
1996-06-01,2.3240857966666666,,-0.47865885,,,,
1996-07-01,1.8404621870967743,,-0.48312166,,,,
1996-08-01,1.872796367741936,,-0.51224643,,,,
1996-09-01,2.6511088133333334,,-0.5241287,,,,
1996-10-01,4.266658706451612,,-0.51305276,,,,
1996-11-01,6.237456033333333,,-0.495062,,,,
1996-12-01,7.286822558064516,,-0.47905877,,,,
1997-01-01,6.276663,,-0.46920797,,,,
1997-02-01,3.861124578571428,,-0.45749494,,,,
1997-03-01,1.859179177419355,,-0.4369218,,,,
1997-04-01,1.59056522,,-0.41303438,,,,
1997-05-01,2.724056906451613,,-0.40244594,,,,
1997-06-01,3.618306146666667,,-0.3999368,,,,
1997-07-01,3.444320325806452,,-0.37936518,,,,
1997-08-01,2.986539158064516,,-0.3473614,,,,
1997-09-01,3.3836978066666665,0.053406797,-0.31379902,,,,
1997-10-01,4.740027725806451,0.056052394,-0.27215236,,,,
1997-11-01,6.0900958266666665,0.0778316,-0.2343736,,,,
1997-12-01,6.446326083870967,0.11560899,-0.22097145,,,,
1998-01-01,5.709399629032258,0.12050937,-0.2278221,,,,
1998-02-01,4.646826810714286,0.113974266,-0.24354497,,,,
1998-03-01,3.909810206451613,0.09945272,-0.2618871,,,,
1998-04-01,3.691788403333333,0.07292001,-0.26328465,,,,
1998-05-01,3.818340983870968,0.061651018,-0.24505337,,,,
1998-06-01,4.0475655900000005,0.04890375,-0.22775036,,,,
1998-07-01,4.275083874193548,0.043851405,-0.20813282,,,,
1998-08-01,4.453354461290322,0.04591523,-0.17510112,,,,
1998-09-01,4.462435753333334,0.044533223,-0.13209556,,,,
1998-10-01,4.034831877419355,0.05443832,-0.092181556,,,,
1998-11-01,3.1281556566666664,0.06553571,-0.059217285,,,,
1998-12-01,2.2678097225806453,0.11596314,-0.03863166,,,,
1999-01-01,2.191873796774193,0.1285174,-0.044240076,,,,
1999-02-01,3.050028303571428,0.121917725,-0.06273124,,,,
1999-03-01,4.157213938709678,0.11741349,-0.07994444,,,,
1999-04-01,4.606406023333333,0.07452423,-0.09164085,,,,
1999-05-01,4.179651909677419,0.059606448,-0.07642375,,,,
1999-06-01,3.61044368,0.05300641,-0.049104095,,,,
1999-07-01,3.5956754322580644,0.050302986,-0.047181763,,,,
1999-08-01,3.993985803225807,0.04730195,-0.069160424,,,,
1999-09-01,4.047904636666667,0.04868165,-0.08365803,,,,
1999-10-01,3.3665277709677417,0.05338912,-0.08870528,,,,
1999-11-01,2.340843503333333,0.08253831,-0.09087041,,,,
1999-12-01,1.797948306451613,0.1136137,-0.07110007,,,,
2000-01-01,2.44319394516129,0.13225316,-0.050087187,,,,
2000-02-01,4.056595355172414,0.123989895,-0.0362889,,,,
2000-03-01,5.617260883870968,0.10755994,-0.012858881,,,,
2000-04-01,5.994427446666666,0.0822113,0.007984687,,,,
2000-05-01,4.8908736,0.05970958,-0.0019668627,,,,
2000-06-01,3.17555488,0.049402244,-0.034776434,,,,
2000-07-01,1.8397442193548388,0.044724926,-0.057433765,,,,
2000-08-01,1.2752921483870967,0.047696587,-0.068158925,,,,
2000-09-01,1.5422601066666668,0.04737789,-0.08910227,,,,
2000-10-01,2.688621622580645,0.059663903,-0.102142215,,,,
2000-11-01,4.638805813333334,0.07404179,-0.10522514,,,,
2000-12-01,6.736365696774193,0.092500426,-0.1196557,,,,
2001-01-01,7.875325361290322,0.119775325,-0.12853488,,,,
2001-02-01,7.514099649999999,0.123583585,-0.12234905,,,,
2001-03-01,6.074163793548387,0.084399685,-0.102580085,,,,
2001-04-01,4.358067259999999,0.06457805,-0.086296365,,,,
2001-05-01,3.117620116129032,0.055868283,-0.09521047,,,,
2001-06-01,2.661385273333333,0.04633715,-0.1114467,,,,
2001-07-01,3.003020429032258,0.04563097,-0.10400407,,,,
2001-08-01,3.6953471387096775,0.044580996,-0.08936572,,,,
2001-09-01,3.81161415,0.045348987,-0.087636285,,,,
2001-10-01,2.844864051612903,0.04966025,-0.08340874,,,,
2001-11-01,1.3857247503333334,0.0751781,-0.078151494,,,,
2001-12-01,0.8021402003225806,0.11523552,-0.08268747,,,,
2002-01-01,1.902345029032258,0.11993101,-0.082504764,,,,
2002-02-01,3.8114041857142857,0.11917742,-0.08647181,,,,
2002-03-01,5.070233380645162,0.097392604,-0.11171662,,,,
2002-04-01,4.847435746666666,0.08215042,-0.14049593,,,0.0,0.0
2002-05-01,3.636647625806452,0.058099475,-0.1308959,,,63.95,0.47
2002-06-01,2.768631696666666,0.04796555,-0.06999115,,,,
2002-07-01,2.9861534064516126,0.047704667,0.001905346,,,,
2002-08-01,4.00311975483871,0.04622452,0.05718869,,,-215.57,-53.24
2002-09-01,5.112626043333334,0.04743124,0.08492411,,,-235.55,71.85
2002-10-01,5.957186303225806,0.0525415,0.07244028,,,-201.92,86.08
2002-11-01,6.361416433333333,0.070258714,0.051912062,,,-204.0,-48.1
2002-12-01,5.999447403225807,0.10207372,0.059526972,,,-182.74,-2.71
2003-01-01,4.677212525806452,0.12688911,0.07041251,,,-133.45,13.3
2003-02-01,2.966278482142857,0.12310367,0.0604955,,,-146.34,-150.21
2003-03-01,1.7164990129032258,0.10777639,0.034707014,,,-80.33,-111.19
2003-04-01,1.52486329,0.09036554,0.014354667,,,-35.26,12.38
2003-05-01,2.236956148387097,0.059454855,-0.009541936,,,-30.59,50.77
2003-06-01,3.0684922266666663,0.05343473,-0.042576794,,,,
2003-07-01,3.6244896967741935,0.047136955,-0.057924617,,,-205.52,-88.24
2003-08-01,4.07202119032258,0.046134155,-0.05510842,,,-342.11,-89.04
2003-09-01,4.488353356666667,0.04985385,-0.050828308,,,-384.83,-103.56
2003-10-01,4.713353596774193,0.05891715,-0.039949805,,,-381.6,-15.43
2003-11-01,4.7659501,0.07805288,-0.021243658,,,-382.66,-74.73
2003-12-01,4.859951706451613,0.1051792,-0.013619083,,,-344.78,-243.54
2004-01-01,5.136981112903226,0.14127356,-0.02127592,,,-367.2,-297.38
2004-02-01,5.458497675862069,0.14329201,-0.034995172,,,-372.04,-440.89
2004-03-01,5.4865195290322575,0.13883735,-0.045470845,,,-352.48,-294.49
2004-04-01,5.016014636666667,0.08857714,-0.051931713,,,-293.52,-362.19
2004-05-01,4.27378990967742,0.06580769,-0.0683945,,,-312.53,-142.55
2004-06-01,3.755116996666666,0.051433634,-0.11033384,,,-329.17,-158.57
2004-07-01,3.844442141935484,0.049974747,-0.16071291,,,-426.31,-289.56
2004-08-01,4.507013106451613,0.045165826,-0.2177255,,,-548.97,-145.38
2004-09-01,5.0848141,0.048888918,-0.26025683,,,-589.65,-141.81
2004-10-01,4.7648025419354845,0.053299304,-0.27146873,,,-608.21,-59.69
2004-11-01,3.460498536666667,0.08187654,-0.2751451,,,-567.89,-205.96
2004-12-01,2.182899522580645,0.10519013,-0.2860423,,,-543.99,-285.07
2005-01-01,2.064302216129032,0.11929302,-0.2987397,,,-555.32,-358.41
2005-02-01,3.168806585714286,0.12298301,-0.3038871,,,-532.35,-418.44
2005-03-01,4.625039180645161,0.122342885,-0.30809775,,,-486.59,-364.71
2005-04-01,5.5015915233333335,0.09160226,-0.3046731,,,-480.97,-216.7
2005-05-01,5.542520177419355,0.059979435,-0.27407408,,,-446.13,-203.56
2005-06-01,5.242366700000001,0.05272238,-0.2434992,,,-490.37,-161.1
2005-07-01,4.89731280967742,0.047774956,-0.22771011,,,-617.13,-111.69
2005-08-01,4.403393006451613,0.04646097,-0.21746252,,,-804.47,-164.49
2005-09-01,3.674366843333333,0.050489053,-0.21919577,,,-870.19,-70.65
2005-10-01,2.764577451612904,0.054166175,-0.22183746,,,-862.45,-72.21
2005-11-01,2.0104942066666665,0.06503911,-0.23108204,,,-861.03,-26.46
2005-12-01,2.105950848387097,0.10602897,-0.23256937,,,-811.87,-125.51
2006-01-01,3.525526735483871,0.10574273,-0.21720283,,,-832.4,-178.35
2006-02-01,5.5814332,0.13233282,-0.18989025,,,-783.0,-258.37
2006-03-01,7.066387383870968,0.12925802,-0.15421386,,,-762.38,-127.35
2006-04-01,7.120365383333334,0.090321645,-0.1154036,,,-791.29,-125.15
2006-05-01,6.046339209677419,0.061956853,-0.080158524,,,-781.92,-49.24
2006-06-01,5.11874128,0.05275185,-0.05985216,,,-793.26,-19.05
2006-07-01,5.183136732258065,0.0487044,-0.05109613,,,-874.86,-51.19
2006-08-01,5.901804735483871,0.043712635,-0.042138204,,,-1002.95,27.02
2006-09-01,6.1394565100000005,0.044916358,-0.03454477,,,-1061.0,22.35
2006-10-01,5.260642535483871,0.053087994,-0.032666896,381.32666666666665,,-1048.62,-51.11
2006-11-01,3.764204603333333,0.06792609,-0.039557464,384.568,,-1077.74,-56.26
2006-12-01,2.8386578161290323,0.08416958,-0.04578281,385.715,,-1089.12,-208.67
2007-01-01,3.1873757548387096,0.1100332,-0.033881184,386.7625,,-1055.55,-401.29
2007-02-01,4.2449894892857145,0.120105304,-0.011213461,386.9825,,-1010.39,-374.17
2007-03-01,5.05472215483871,0.10465824,0.016779454,388.074,,-1018.77,-308.92
2007-04-01,5.274960423333334,0.079845205,0.036515232,387.4766666666667,,-1008.41,-296.6
2007-05-01,5.245974922580645,0.062349737,0.03800332,386.294,,-998.27,-151.27
2007-06-01,5.30142835,0.05593414,0.04903038,386.0825,,-1016.49,-151.49
2007-07-01,5.18223654516129,0.046265293,0.06215218,379.4625,,-1145.45,-227.48
2007-08-01,4.54282623548387,0.044252437,0.069524705,381.668,,-1341.38,-193.87
2007-09-01,3.5975954266666665,0.045396,0.09140558,379.08,,-1404.13,-125.06
2007-10-01,2.829680019354839,0.052674644,0.096823104,383.92,,-1425.91,-201.53
2007-11-01,2.392840206666667,0.07959219,0.09395207,386.46,,-1406.6,-394.79
2007-12-01,2.32341235483871,0.11241622,0.09046443,392.535,,-1346.43,-477.02
2008-01-01,2.9195972193548387,0.12497138,0.07339419,389.276,,-1306.29,-672.3
2008-02-01,4.267850034482759,0.115188405,0.058128446,389.78,,-1324.15,-548.98
2008-03-01,5.950932374193548,0.11119062,0.038596805,389.835,,-1274.87,-706.22
2008-04-01,7.123922726666667,0.0818547,0.013834499,390.55,,-1295.58,-542.54
2008-05-01,7.17860235483871,0.055728983,-0.0035658926,388.494,,-1309.28,-452.1
2008-06-01,6.358483096666666,0.051168155,-0.004747109,387.6575,,-1311.58,-523.33
2008-07-01,5.374946119354839,0.046680138,0.004169018,382.848,,-1458.16,-617.55
2008-08-01,4.839889003225807,0.042037137,0.02304041,381.4,,-1619.23,-585.44
2008-09-01,4.7499062,0.043387417,0.05054213,382.8325,,-1682.94,-423.83
2008-10-01,4.79834536451613,0.05258711,0.07238046,384.308,,-1669.4,-508.74
2008-11-01,5.012035156666667,0.071524605,0.08250865,387.06,,-1598.63,-500.31
2008-12-01,5.429150667741935,0.11899726,0.09167024,389.0575,,-1526.92,-602.02
2009-01-01,5.812612790322581,0.14406097,0.10234083,390.1025,,-1505.57,-671.5
2009-02-01,5.831063964285714,0.13185135,0.10671797,393.74,,-1550.43,-638.12
2009-03-01,5.616183229032258,0.120546296,0.10750209,392.06666666666666,,-1551.18,-581.06
2009-04-01,5.703380853333333,0.09284977,0.1182442,391.848,,-1533.57,-558.79
2009-05-01,6.3708040225806455,0.060108732,0.13180271,388.95,,-1517.26,-540.8
2009-06-01,7.126968156666667,0.048957083,0.1287967,387.2925,,-1523.36,-518.37
2009-07-01,7.172155616129032,0.045269176,0.12679242,384.484,,-1633.23,-421.23
2009-08-01,6.284126370967742,0.04173687,0.13272783,384.01,,-1841.58,-459.77
2009-09-01,5.556951443333333,0.0463811,0.12994167,382.98333333333335,,-1894.76,-470.13
2009-10-01,6.206482309677419,0.057311233,0.13091159,386.47,,-1866.95,-508.54
2009-11-01,8.560290556666667,0.08158698,0.13077866,388.1333333333334,,-1846.92,-479.21
2009-12-01,11.642542983870968,0.11245394,0.13078324,391.025,,-1822.76,-588.25
2010-01-01,13.668425612903224,0.13421172,0.14674054,391.43,34.692608,-1821.86,-739.09
2010-02-01,13.412240125,0.14612976,0.16704255,393.2275,34.678696,-1798.05,-717.92
2010-03-01,11.343056161290324,0.14318547,0.18924254,394.5025,34.70268,-1787.96,-605.84
2010-04-01,8.935582616666666,0.084989965,0.21856573,394.48,34.70407,-1815.11,-702.17
2010-05-01,7.603814354838709,0.060146596,0.2341019,391.0566666666667,34.729305,-1787.14,-742.25
2010-06-01,7.432774506666666,0.052976083,0.2257134,390.655,34.6955,-1893.93,-749.03
2010-07-01,7.7129723,0.049593993,0.21520023,386.706,34.639988,-2066.96,-949.22
2010-08-01,8.094029712903227,0.046181247,0.20302145,384.6775,34.5576,-2257.0,-874.52
2010-09-01,8.827925833333333,0.047830313,0.20344648,396.504,34.547516,-2353.05,-787.62
2010-10-01,10.05270206451613,0.06070355,0.21067002,390.1133333333333,34.58634,-2319.62,-831.56
2010-11-01,11.070812766666668,0.08407782,0.21351467,391.75,34.69295,-2339.68,-864.5
2010-12-01,10.919618306451614,0.13561842,0.22401461,394.77,34.719913,-2322.07,-873.54
2011-01-01,9.26230479032258,0.13242786,0.22644721,395.8675,34.729313,,
2011-02-01,6.970358835714285,0.13956021,0.21523024,394.955,34.719547,-2296.91,-945.82
2011-03-01,5.213225158064517,0.1203731,0.2011223,398.7025,34.726917,-2284.49,-969.73
2011-04-01,4.805760723333333,0.075055875,0.18330483,397.2466666666666,34.7229,-2283.34,-998.69
2011-05-01,5.637374993548387,0.062358346,0.17682007,392.67333333333335,34.71163,-2302.29,-926.03
2011-06-01,6.700157813333333,0.051019646,0.20004626,394.945,34.69491,,
2011-07-01,7.111295319354839,0.048880022,0.2255746,388.835,34.63014,-2490.56,-872.97
2011-08-01,6.562850638709677,0.044373076,0.24599202,388.0466666666666,34.469032,-2684.62,-901.95
2011-09-01,5.4505936,0.04678161,0.2631134,387.0625,34.447266,-2742.53,-819.19
2011-10-01,4.383172109677419,0.053937662,0.28766176,390.145,34.48796,-2763.5,-857.83
2011-10-01,4.383172109677419,0.053937662,0.28766176,390.145,34.48796,-2762.46,-850.78
2011-10-01,4.383172109677419,0.053937662,0.28766176,390.145,34.48796,-2763.5,-857.83
2011-10-01,4.383172109677419,0.053937662,0.28766176,390.145,34.48796,-2762.46,-850.78
2011-11-01,3.5505383,0.069676794,0.32704383,393.6566666666667,34.55433,,
2011-12-01,2.83763064516129,0.083855264,0.34615767,394.3,34.65365,,
2012-01-01,2.438799551612904,0.115406126,0.34125757,396.69,34.674248,-2704.14,-1114.76
2012-01-01,2.438799551612904,0.115406126,0.34125757,396.69,34.674248,-2711.82,-1034.72
2012-01-01,2.438799551612904,0.115406126,0.34125757,396.69,34.674248,-2704.14,-1114.76
2012-01-01,2.438799551612904,0.115406126,0.34125757,396.69,34.674248,-2711.82,-1034.72
2012-02-01,2.9492477241379307,0.13045172,0.3267687,400.535,34.677147,-2690.63,-1079.4
2012-03-01,4.517788806451613,0.108305946,0.31110695,398.205,34.68789,-2645.24,-1067.31
2012-04-01,6.36035285,0.076601565,0.2992642,,34.690567,-2634.25,-1009.3
2012-05-01,7.278722603225806,0.05466895,0.29655758,395.51,34.69589,,
2012-06-01,6.99171101,0.046348177,0.28381705,393.285,34.651047,-2667.13,-1052.56
2012-07-01,6.439085258064517,0.043517243,0.264331,388.73,34.538624,-2899.21,-1033.07
2012-08-01,6.5818952,0.040812,0.26522782,389.728,34.457912,-3206.86,-966.03
2012-09-01,7.21019648,0.044338085,0.25826785,391.8733333333333,34.50182,-3306.33,-935.37
2012-10-01,7.548674577419354,0.04820601,0.25183842,394.1033333333333,34.505054,,
2012-11-01,7.444586086666666,0.0644347,0.2730431,397.8866666666667,34.55698,-3244.44,-1068.13
2012-12-01,7.630305487096773,0.102026045,0.28491536,397.9433333333333,34.64846,-3227.67,-1091.62
2013-01-01,8.618207983870967,0.115636714,0.29094726,401.38,34.666798,-3224.6,-1265.72
2013-02-01,9.884462392857143,0.11422054,0.31738013,401.3625,34.680832,-3214.09,-1365.06
2013-03-01,10.504636064516127,0.13977405,0.34762096,400.4266666666667,34.682983,,
2013-04-01,9.929045866666666,0.093568526,0.37444836,400.77,34.700768,-3219.93,-1142.75
2013-05-01,8.538843429032259,0.06472899,0.38297218,399.615,34.71126,-3184.89,-1253.33
2013-06-01,7.27666133,0.053404715,0.3636206,396.47,34.65942,-3163.93,-1243.47
2013-07-01,6.71354120967742,0.047424134,0.3231236,390.1925,34.581642,-3270.51,-1194.02
2013-08-01,6.69043810967742,0.04242428,0.27830565,392.346,34.50564,,
2013-09-01,6.56245907,0.045072768,0.2663569,391.38,34.52478,,
2013-10-01,6.064133825806452,0.051595155,0.26791248,395.78,34.545643,-3338.57,-1299.57
2013-11-01,5.596726816666666,0.06370073,0.25605828,397.9450000000001,34.666542,-3340.06,-1340.59
2013-12-01,5.571185377419355,0.09620308,0.26260176,400.37000000000006,34.673817,-3327.11,-1391.45
2014-01-01,5.991006558064517,0.113727994,0.28052,401.615,34.691216,-3312.47,-1499.39
2014-02-01,6.327038589285714,0.12476075,0.28793564,401.865,34.69703,,
2014-03-01,6.311233470967742,0.10002508,0.29109251,405.28,34.697628,-3261.44,-1616.18
2014-04-01,6.194592626666666,0.06446145,0.2854273,401.87,34.718075,-3251.53,-1541.38
2014-05-01,6.484142709677419,0.05192976,0.28340724,400.55,34.705605,-3247.96,-1432.15
2014-06-01,7.292297026666666,0.048097324,0.30495194,397.8966666666667,34.66279,-3284.46,-1468.24
2014-07-01,8.176861187096774,0.045173142,0.34366602,393.99,34.57043,,
2014-08-01,8.77078006451613,0.043071285,0.38154316,390.725,34.528152,-3565.42,-1525.76
2014-09-01,8.9293649,0.043970175,0.4102019,394.74,34.536545,-3597.92,-1331.33
2014-10-01,8.537659241935485,0.051099114,0.4252382,398.84,34.56824,-3582.97,-1415.77
2014-11-01,7.560370036666667,0.06924905,0.4264328,400.6366666666666,34.625214,-3578.43,-1490.92
2014-12-01,6.108960161290323,0.08819043,0.43492293,404.0,34.685772,,
2015-01-01,4.557667958064516,0.13284153,0.4500871,402.3,34.699356,-3493.91,-1772.64
2015-02-01,3.555064557142857,0.14111935,0.45802674,404.3975,34.696392,-3502.23,-1859.94
2015-03-01,3.304770983870968,0.1270653,0.4629724,404.93,34.6925,-3456.58,-1826.78
2015-04-01,3.74173538,0.08780883,0.46987265,404.355,34.70341,-3449.32,-1810.79
2015-04-01,3.74173538,0.08780883,0.46987265,404.355,34.70341,-3446.06,-1742.39
2015-04-01,3.74173538,0.08780883,0.46987265,404.355,34.70341,-3449.32,-1810.79
2015-04-01,3.74173538,0.08780883,0.46987265,404.355,34.70341,-3446.06,-1742.39
2015-05-01,4.6430123709677416,0.056592934,0.47262657,402.3175,34.684418,,
2015-06-01,5.793701933333334,0.05073126,0.47389862,399.8775,34.67206,,
2015-07-01,6.9989499483870965,0.04546138,0.4904194,399.304,34.580585,-3627.48,-1705.41
2015-08-01,7.893310964516129,0.042798597,0.50237846,394.82,34.4547,-3762.11,-1859.76
2015-09-01,8.141421333333334,0.04667045,0.49832088,396.3075,34.465107,-3801.6,-1820.9
2015-10-01,7.864273806451613,0.056693498,0.4932464,400.6333333333334,34.507877,,
2015-11-01,7.629857073333333,0.067990616,0.49410436,405.6725,34.62704,,
2015-12-01,7.911012593548387,0.08691186,0.4924111,405.29,34.6627,-3741.63,-1841.11
2016-01-01,8.593586225806453,0.123756185,0.48250133,406.3,34.70097,-3684.56,-1845.57
2016-02-01,9.142080879310344,0.11640849,0.47843197,406.25666666666666,34.709103,-3706.25,-1925.84
2016-03-01,9.25346793548387,0.10153781,0.49051264,408.595,34.71705,-3704.86,-1860.72
2016-04-01,9.0017748,0.06624408,0.5149594,407.525,34.714363,,
2016-05-01,8.670432032258065,0.054993972,0.5307757,406.3025,34.711952,-3680.26,-1754.87
2016-06-01,8.392656083333334,0.04908444,0.55343825,404.295,34.681866,-3675.72,-1729.03
2016-07-01,8.17942920967742,0.04453429,0.5690391,399.346,34.575893,-3845.95,-1610.51
2016-08-01,8.099307064516129,0.041074462,0.55507654,398.775,34.513313,-4093.94,-1569.22
2016-09-01,7.9491961,0.044182237,0.5319744,401.42,34.510876,,
2016-10-01,7.272656632258065,0.049623393,0.50801474,406.1566666666667,34.514343,,
2016-11-01,6.00923811,0.067649774,0.48534542,408.63,34.57916,-3963.74,-1660.14
2016-12-01,4.761294138709677,0.08772393,0.45991877,408.785,34.643604,-4034.94,-1611.09
2017-01-01,4.295464464516129,0.10265795,0.43643618,410.82,34.67846,-3986.68,-1624.54
2017-02-01,4.811451075,0.116567805,0.41854504,410.3125,34.69267,,
2017-03-01,5.89464225483871,0.108667515,0.4061366,410.8,34.698696,,
2017-04-01,7.110141503333334,0.06341996,0.39862788,410.4975,34.70635,-3976.66,-1970.4
2017-04-01,7.110141503333334,0.06341996,0.39862788,410.4975,34.70635,-3947.85,-1846.17
2017-04-01,7.110141503333334,0.06341996,0.39862788,410.4975,34.70635,-3976.66,-1970.4
2017-04-01,7.110141503333334,0.06341996,0.39862788,410.4975,34.70635,-3947.85,-1846.17
2017-05-01,8.213112277419354,0.047775086,0.41833755,437.5833333333333,34.701252,-3938.88,-1787.2
2017-06-01,9.129049883333332,0.042763967,0.4570323,405.97,34.66569,-3964.64,-1784.15
2017-07-01,9.566317241935485,0.04110171,0.48220715,401.2775,34.528355,,
2017-08-01,9.237089322580644,0.038708236,0.5134312,401.73333333333335,34.467293,,
2017-09-01,8.306453620000001,0.043009143,0.547278,403.2425,34.46155,,
2017-10-01,7.112711248387097,0.049137834,0.55445427,406.56,34.511562,,
2017-11-01,6.191212016666666,0.06900282,0.5444219,409.31,34.61671,,
2017-12-01,6.4604891645161295,0.10059889,0.53192985,410.7925,34.67,,
2018-01-01,8.359457,0.1133823,0.5231787,412.165,34.676537,,
2018-02-01,10.840791089285714,0.11359993,0.51708275,414.495,34.69466,,
2018-03-01,12.369322322580643,0.1183139,0.5060732,412.316,34.704506,,
2018-04-01,12.07162065,0.08470753,0.48306534,414.7833333333333,34.693813,,
2018-05-01,10.591894612903223,0.061154287,0.44187826,412.762,34.686237,,
2018-06-01,9.437680266666666,0.050694123,0.40291202,407.082,34.66672,-4006.58,-1974.06
2018-07-01,9.235869403225808,0.04618063,0.39350122,406.1975,34.595757,-4040.45,-1991.17
2018-08-01,9.47907229032258,0.044194583,0.39825818,403.0475,34.486034,,
2018-09-01,9.45308905,0.045566246,0.40731445,405.93,34.476105,,
2018-10-01,9.174562951612904,0.057599097,0.43248755,407.406,34.519943,-4229.73,-2127.86
2018-11-01,8.94647595,0.078270815,0.46466064,411.155,34.57294,-4193.4,-2082.61
2018-12-01,8.767390887096774,0.1032457,0.4923735,411.9875,34.66394,-4161.96,-2231.14
2019-01-01,8.469614774193548,0.113783024,0.5061814,415.8,34.68514,-4162.86,-2357.53
2019-02-01,7.985648471428571,0.12673278,0.51220727,414.1,34.691532,-4192.45,-2416.43
2019-03-01,7.462354245161291,0.11192774,0.51723194,415.34,34.711967,-4205.46,-2349.07
2019-04-01,7.236177373333334,0.08375601,0.50924486,415.81,34.706947,-4196.68,-2304.0
2019-05-01,7.521464577419355,0.059563316,0.49216518,413.028,34.695797,-4156.48,-2139.59
2019-06-01,8.011444396666667,0.049924076,0.45721248,412.4775,34.659985,-4228.33,-2206.46
2019-07-01,8.22749464516129,0.04358109,0.42464292,407.2025,34.55919,-4414.43,-2096.52
2019-08-01,8.222896822580644,0.04193352,0.41170678,406.608,34.42841,-4668.23,-2238.89
2019-09-01,8.607338533333332,0.04431241,0.400612,407.0425,34.441345,-4780.08,-2255.33
2019-10-01,9.459429919354838,0.049179975,0.39596522,411.06666666666666,34.46662,-4771.12,-2270.14
2019-11-01,10.083736333333333,0.0725759,0.40199903,414.42,34.53495,-4706.24,-2287.29
2019-12-01,9.780839338709676,0.10617616,0.41554445,415.22,34.656403,-4703.38,-2384.23
2020-01-01,8.696348193548387,0.11050876,0.43575153,416.378,34.676594,-4756.11,-2623.26
2020-02-01,7.814609475862069,0.109919354,0.46199208,417.29,34.691963,-4751.69,-2705.12
2020-03-01,7.861668641935484,0.09132091,0.48072377,418.22,34.705566,-4755.59,-2603.34
2020-04-01,8.795562966666667,0.06479964,0.4883166,419.0025,34.71025,-4728.74,-2484.87
2020-05-01,9.97437158064516,0.049533155,0.50936973,416.206,34.691154,-4705.86,-2361.57
2020-06-01,10.759488833333334,0.04351034,0.5271741,413.5775,34.62656,-4741.15,-2316.05
2020-07-01,10.840820322580646,0.03959735,0.52266234,409.3075,34.53951,-4867.81,-2381.26
2020-08-01,10.341618387096776,0.03734817,0.5211576,408.47,34.470768,-4968.14,-2302.52
2020-09-01,9.796442216666666,0.044462554,0.5238496,411.5975,34.48099,-4990.48,-2363.1
2020-10-01,9.866588774193549,0.05373139,0.5111712,413.454,34.51156,-4931.56,-2449.07
2020-11-01,10.691429166666667,0.061528955,0.48849624,415.95,34.564243,-4921.16,-2494.09
2020-12-01,11.570581112903223,0.08569557,0.4638178,417.96,34.666542,-4922.76,-2524.36
2021-01-01,11.508127580645162,0.11229644,0.44331148,418.9075,34.68911,-4892.38,-2777.22
2021-02-01,10.276523839285714,0.11432846,0.4297148,421.235,34.70508,-4906.79,-2605.71
2021-03-01,8.618087638709676,0.09184401,0.4109033,421.18,34.702435,-4894.92,-2615.94
2021-04-01,7.62707033,0.07353378,0.38969123,421.085,34.710724,-4866.76,-2375.49
2021-05-01,7.931370432258064,0.052640982,0.37853345,420.3,34.700596,-4920.71,-2363.27
2021-06-01,8.9864825,0.046336666,0.41656467,416.195,34.643898,-4901.03,-2566.43
2021-07-01,9.734130822580646,0.043827254,0.47652778,413.36800000000005,34.586258,-4934.27,-2628.09
2021-08-01,9.601107,0.0420192,0.5111199,410.7525,34.51105,-5090.21,-2537.48
2021-09-01,8.997191766666667,0.044983838,0.530825,412.245,34.507523,-5141.45,-2608.01
2021-10-01,8.577796806451612,0.05112479,0.54213667,415.768,34.534023,-5175.58,-2423.37
2021-11-01,8.502224199999999,0.072153226,0.5521939,420.5,34.634747,-5172.7,-2665.83
2021-12-01,8.149013861290323,0.10435579,0.5628705,421.7425,34.684025,-5131.45,-2560.64
2022-01-01,6.92414230967742,0.11026483,0.57956356,423.1875,34.69546,-5098.21,-2664.2
2022-02-01,5.411518375,0.10836458,0.59072286,422.245,34.702133,-5086.89,-2608.51
2022-03-01,4.716518480645162,0.10248019,0.5986328,423.81,34.705513,-5057.07,-2554.38
2022-04-01,5.456315133333334,0.08680612,0.6224155,423.9925,34.696022,-5078.5,-2306.24
2022-05-01,7.084191893548387,0.060230672,0.6373649,421.175,34.699562,-5076.2,-2199.93
2022-06-01,8.43185925,0.046779994,0.6414454,416.94,34.648495,-5053.78,-2218.26
2022-07-01,8.925815387096774,0.0428691,0.6657115,416.4025,34.545994,-5157.92,-2330.63
2022-08-01,8.939323693548387,0.040203933,0.6897976,415.6166666666666,34.488003,-5276.15,-2270.29
2022-09-01,9.370106766666668,0.04201919,0.6980536,415.116,34.449085,-5320.74,-2260.87
2022-10-01,10.55002785483871,0.049936682,0.7286344,417.6775,34.49395,-5307.48,-2324.42
2022-11-01,11.67619175,0.062543444,0.7796553,421.885,34.58908,-5227.53,-2262.05
2022-12-01,11.781490516129033,0.08678925,0.828921,421.86800000000005,34.650406,-5177.15,-2271.07
2023-01-01,10.828521951612904,0.09523276,,425.39333333333326,34.68843,-5265.79,-2383.93
2023-02-01,9.87382655357143,0.10507841,,424.8733333333333,34.687683,-5281.46,-2460.48
2023-03-01,9.701426129032258,0.0992618,,425.904,34.700497,-5220.31,-2343.64
2023-04-01,10.21160285,0.06429441,,425.77,34.70561,-5244.28,-2097.73
2023-05-01,10.861869177419354,0.056196913,,423.6275,34.70119,-5229.09,-2228.43
2023-06-01,11.163400642857145,0.051801626,,420.8066666666667,34.660965,-5193.9,-2231.91
2023-07-01,,0.045011465,,419.7733333333333,34.543026,-5266.71,-2369.07
2023-08-01,,0.039442353,,414.40333333333336,34.441097,-5474.98,-2265.87
2023-09-01,,0.04173122,,416.6933333333333,34.426174,-5533.41,-2221.27
2023-10-01,,0.04329039,,420.6666666666667,34.479393,-5511.13,-2325.9
2023-11-01,,0.07077415,,423.47333333333336,34.58943,-5491.88,-2391.65
2023-12-01,,0.09259859,,426.7425,34.64045,-5495.03,-2466.59
2024-01-01,,,,426.63,,-5483.26,-2732.37
2024-02-01,,,,426.6025,,-5433.24,-2711.7
2024-03-01,,,,427.5225,,-5411.08,-2536.37
2024-04-01,,,,428.54333333333335,,-5440.79,-2410.11
2024-05-01,,,,426.7125,,-5450.36,-2546.65
2024-06-01,,,,423.6225,,-5408.95,-2603.14
2024-07-01,,,,420.61,,-5501.5,-2464.42
2024-08-01,,,,422.105,,-5599.93,-2392.42
2024-09-01,,,,419.7633333333333,,-5595.38,-2500.91
2024-10-01,,,,423.8766666666667,,-5614.0,-2367.1
2024-11-01,,,,425.07,,-5607.44,-2593.43
2024-12-01,,,,,,-5610.46,-2697.02
2025-01-01,,,,,,-5608.47,-2631.13
