time,greenland_mass_antarctica,uncertainty_antarctica,greenland_mass_greenland,uncertainty_greenland
2002.29,0.0,134.71,0.0,134.71
2002.35,63.95,70.85,63.95,70.85
2002.62,-215.57,53.55,-215.57,53.55
2002.71,-235.55,65.24,-235.55,65.24
2002.79,-201.92,39.23,-201.92,39.23
2002.87,-204.0,35.96,-204.0,35.96
2002.96,-182.74,36.9,-182.74,36.9
2003.04,-133.45,41.64,-133.45,41.64
2003.12,-146.34,29.91,-146.34,29.91
2003.2,-80.33,26.07,-80.33,26.07
2003.29,-35.26,25.91,-35.26,25.91
2003.36,-30.59,28.36,-30.59,28.36
2003.54,-205.52,21.35,-205.52,21.35
2003.62,-342.11,22.11,-342.11,22.11
2003.71,-384.83,22.42,-384.83,22.42
2003.79,-381.6,22.85,-381.6,22.85
2003.87,-382.66,22.59,-382.66,22.59
2003.96,-344.78,22.43,-344.78,22.43
2004.02,-367.2,26.06,-367.2,26.06
2004.13,-372.04,22.62,-372.04,22.62
2004.21,-352.48,21.16,-352.48,21.16
2004.29,-293.52,21.2,-293.52,21.2
2004.37,-312.53,21.45,-312.53,21.45
2004.46,-329.17,21.32,-329.17,21.32
2004.54,-426.31,19.19,-426.31,19.19
2004.62,-548.97,19.97,-548.97,19.97
2004.71,-589.65,20.94,-589.65,20.94
2004.79,-608.21,18.9,-608.21,18.9
2004.87,-567.89,20.65,-567.89,20.65
2004.96,-543.99,20.66,-543.99,20.66
2005.04,-555.32,19.66,-555.32,19.66
2005.12,-532.35,20.57,-532.35,20.57
2005.2,-486.59,20.63,-486.59,20.63
2005.29,-480.97,20.45,-480.97,20.45
2005.37,-446.13,20.67,-446.13,20.67
2005.46,-490.37,21.02,-490.37,21.02
2005.54,-617.13,20.2,-617.13,20.2
2005.62,-804.47,19.98,-804.47,19.98
2005.71,-870.19,19.83,-870.19,19.83
2005.79,-862.45,19.61,-862.45,19.61
2005.87,-861.03,19.1,-861.03,19.1
2005.96,-811.87,23.66,-811.87,23.66
2006.04,-832.4,20.52,-832.4,20.52
2006.12,-783.0,20.65,-783.0,20.65
2006.2,-762.38,20.37,-762.38,20.37
2006.29,-791.29,20.77,-791.29,20.77
2006.37,-781.92,20.53,-781.92,20.53
2006.45,-793.26,22.31,-793.26,22.31
2006.54,-874.86,22.17,-874.86,22.17
2006.62,-1002.95,20.64,-1002.95,20.64
2006.71,-1061.0,21.89,-1061.0,21.89
2006.79,-1048.62,21.51,-1048.62,21.51
2006.87,-1077.74,20.97,-1077.74,20.97
2006.96,-1089.12,21.52,-1089.12,21.52
2007.04,-1055.55,22.2,-1055.55,22.2
2007.12,-1010.39,21.6,-1010.39,21.6
2007.2,-1018.77,20.92,-1018.77,20.92
2007.29,-1008.41,21.45,-1008.41,21.45
2007.37,-998.27,21.08,-998.27,21.08
2007.45,-1016.49,21.34,-1016.49,21.34
2007.54,-1145.45,21.13,-1145.45,21.13
2007.62,-1341.38,22.65,-1341.38,22.65
2007.71,-1404.13,22.21,-1404.13,22.21
2007.79,-1425.91,22.93,-1425.91,22.93
2007.87,-1406.6,23.76,-1406.6,23.76
2007.96,-1346.43,22.52,-1346.43,22.52
2008.04,-1306.29,22.61,-1306.29,22.61
2008.12,-1324.15,24.23,-1324.15,24.23
2008.21,-1274.87,22.61,-1274.87,22.61
2008.29,-1295.58,24.49,-1295.58,24.49
2008.37,-1309.28,23.37,-1309.28,23.37
2008.46,-1311.58,22.35,-1311.58,22.35
2008.54,-1458.16,23.18,-1458.16,23.18
2008.62,-1619.23,22.62,-1619.23,22.62
2008.71,-1682.94,22.45,-1682.94,22.45
2008.79,-1669.4,22.3,-1669.4,22.3
2008.87,-1598.63,23.83,-1598.63,23.83
2008.96,-1526.92,23.2,-1526.92,23.2
2009.04,-1505.57,23.07,-1505.57,23.07
2009.12,-1550.43,23.57,-1550.43,23.57
2009.2,-1551.18,23.06,-1551.18,23.06
2009.29,-1533.57,21.1,-1533.57,21.1
2009.37,-1517.26,20.91,-1517.26,20.91
2009.46,-1523.36,20.57,-1523.36,20.57
2009.54,-1633.23,22.02,-1633.23,22.02
2009.62,-1841.58,20.97,-1841.58,20.97
2009.71,-1894.76,20.09,-1894.76,20.09
2009.79,-1866.95,20.7,-1866.95,20.7
2009.87,-1846.92,20.6,-1846.92,20.6
2009.96,-1822.76,20.35,-1822.76,20.35
2010.04,-1821.86,20.08,-1821.86,20.08
2010.12,-1798.05,19.91,-1798.05,19.91
2010.2,-1787.96,21.09,-1787.96,21.09
2010.29,-1815.11,19.2,-1815.11,19.2
2010.37,-1787.14,19.51,-1787.14,19.51
2010.45,-1893.93,23.57,-1893.93,23.57
2010.54,-2066.96,20.44,-2066.96,20.44
2010.62,-2257.0,19.58,-2257.0,19.58
2010.71,-2353.05,20.34,-2353.05,20.34
2010.79,-2319.62,21.89,-2319.62,21.89
2010.87,-2339.68,23.03,-2339.68,23.03
2010.95,-2322.07,23.6,-2322.07,23.6
2011.13,-2296.91,26.61,-2296.91,26.61
2011.2,-2284.49,24.62,-2284.49,24.62
2011.29,-2283.34,23.78,-2283.34,23.78
2011.37,-2302.29,23.03,-2302.29,23.03
2011.54,-2490.56,24.39,-2490.56,24.39
2011.62,-2684.62,22.86,-2684.62,22.86
2011.71,-2742.53,21.74,-2742.53,21.74
2011.79,-2763.5,20.88,-2763.5,20.88
2011.83,-2762.46,21.33,-2762.46,21.33
2012.0,-2704.14,20.53,-2704.14,20.53
2012.04,-2711.82,19.57,-2711.82,19.57
2012.12,-2690.63,21.01,-2690.63,21.01
2012.21,-2645.24,19.3,-2645.24,19.3
2012.26,-2634.25,23.2,-2634.25,23.2
2012.46,-2667.13,21.24,-2667.13,21.24
2012.54,-2899.21,20.2,-2899.21,20.2
2012.62,-3206.86,20.12,-3206.86,20.12
2012.7,-3306.33,22.48,-3306.33,22.48
2012.88,-3244.44,23.04,-3244.44,23.04
2012.96,-3227.67,20.98,-3227.67,20.98
2013.04,-3224.6,20.49,-3224.6,20.49
2013.12,-3214.09,22.19,-3214.09,22.19
2013.3,-3219.93,22.91,-3219.93,22.91
2013.37,-3184.89,20.32,-3184.89,20.32
2013.46,-3163.93,20.87,-3163.93,20.87
2013.54,-3270.51,20.32,-3270.51,20.32
2013.79,-3338.57,20.23,-3338.57,20.23
2013.87,-3340.06,19.61,-3340.06,19.61
2013.96,-3327.11,19.27,-3327.11,19.27
2014.02,-3312.47,23.07,-3312.47,23.07
2014.2,-3261.44,17.16,-3261.44,17.16
2014.29,-3251.53,17.55,-3251.53,17.55
2014.37,-3247.96,17.85,-3247.96,17.85
2014.45,-3284.46,19.38,-3284.46,19.38
2014.62,-3565.42,18.17,-3565.42,18.17
2014.71,-3597.92,17.57,-3597.92,17.57
2014.79,-3582.97,16.74,-3582.97,16.74
2014.88,-3578.43,16.8,-3578.43,16.8
2015.06,-3493.91,19.66,-3493.91,19.66
2015.12,-3502.23,33.73,-3502.23,33.73
2015.2,-3456.58,15.13,-3456.58,15.13
2015.29,-3449.32,15.92,-3449.32,15.92
2015.32,-3446.06,17.03,-3446.06,17.03
2015.53,-3627.48,18.12,-3627.48,18.12
2015.62,-3762.11,17.56,-3762.11,17.56
2015.7,-3801.6,19.36,-3801.6,19.36
2015.98,-3741.63,20.12,-3741.63,20.12
2016.04,-3684.56,18.53,-3684.56,18.53
2016.12,-3706.25,17.43,-3706.25,17.43
2016.21,-3704.86,17.57,-3704.86,17.57
2016.38,-3680.26,18.82,-3680.26,18.82
2016.46,-3675.72,17.84,-3675.72,17.84
2016.54,-3845.95,18.57,-3845.95,18.57
2016.64,-4093.94,21.35,-4093.94,21.35
2016.91,-3963.74,41.53,-3963.74,41.53
2016.98,-4034.94,41.37,-4034.94,41.37
2017.06,-3986.68,41.37,-3986.68,41.37
2017.25,-3976.66,41.19,-3976.66,41.19
2017.31,-3947.85,40.51,-3947.85,40.51
2017.36,-3938.88,39.68,-3938.88,39.68
2017.44,-3964.64,39.25,-3964.64,39.25
2018.45,-4006.58,30.38,-4006.58,30.38
2018.52,-4040.45,28.68,-4040.45,28.68
2018.83,-4229.73,27.89,-4229.73,27.89
2018.87,-4193.4,24.83,-4193.4,24.83
2018.96,-4161.96,23.82,-4161.96,23.82
2019.04,-4162.86,23.4,-4162.86,23.4
2019.12,-4192.45,23.83,-4192.45,23.83
2019.2,-4205.46,23.28,-4205.46,23.28
2019.29,-4196.68,23.02,-4196.68,23.02
2019.37,-4156.48,23.13,-4156.48,23.13
2019.45,-4228.33,23.24,-4228.33,23.24
2019.54,-4414.43,22.99,-4414.43,22.99
2019.62,-4668.23,23.14,-4668.23,23.14
2019.71,-4780.08,23.3,-4780.08,23.3
2019.79,-4771.12,22.9,-4771.12,22.9
2019.87,-4706.24,23.02,-4706.24,23.02
2019.96,-4703.38,23.19,-4703.38,23.19
2020.04,-4756.11,23.43,-4756.11,23.43
2020.12,-4751.69,23.56,-4751.69,23.56
2020.21,-4755.59,23.23,-4755.59,23.23
2020.29,-4728.74,23.05,-4728.74,23.05
2020.37,-4705.86,22.98,-4705.86,22.98
2020.46,-4741.15,23.24,-4741.15,23.24
2020.54,-4867.81,22.99,-4867.81,22.99
2020.62,-4968.14,22.97,-4968.14,22.97
2020.71,-4990.48,23.25,-4990.48,23.25
2020.79,-4931.56,23.07,-4931.56,23.07
2020.87,-4921.16,23.23,-4921.16,23.23
2020.96,-4922.76,23.25,-4922.76,23.25
2021.04,-4892.38,23.01,-4892.38,23.01
2021.12,-4906.79,23.08,-4906.79,23.08
2021.2,-4894.92,23.14,-4894.92,23.14
2021.29,-4866.76,22.99,-4866.76,22.99
2021.37,-4920.71,22.82,-4920.71,22.82
2021.46,-4901.03,23.12,-4901.03,23.12
2021.54,-4934.27,22.99,-4934.27,22.99
2021.62,-5090.21,22.82,-5090.21,22.82
2021.71,-5141.45,23.1,-5141.45,23.1
2021.79,-5175.58,23.02,-5175.58,23.02
2021.87,-5172.7,22.99,-5172.7,22.99
2021.96,-5131.45,23.09,-5131.45,23.09
2022.04,-5098.21,23.15,-5098.21,23.15
2022.12,-5086.89,23.22,-5086.89,23.22
2022.2,-5057.07,23.25,-5057.07,23.25
2022.29,-5078.5,23.36,-5078.5,23.36
2022.37,-5076.2,23.06,-5076.2,23.06
2022.45,-5053.78,23.17,-5053.78,23.17
2022.54,-5157.92,23.37,-5157.92,23.37
2022.62,-5276.15,23.41,-5276.15,23.41
2022.71,-5320.74,23.49,-5320.74,23.49
2022.79,-5307.48,23.58,-5307.48,23.58
2022.87,-5227.53,23.45,-5227.53,23.45
2022.96,-5177.15,23.58,-5177.15,23.58
2023.04,-5265.79,23.62,-5265.79,23.62
2023.12,-5281.46,23.56,-5281.46,23.56
2023.2,-5220.31,23.26,-5220.31,23.26
2023.29,-5244.28,23.27,-5244.28,23.27
2023.37,-5229.09,23.17,-5229.09,23.17
2023.45,-5193.9,23.3,-5193.9,23.3
2023.54,-5266.71,23.42,-5266.71,23.42
2023.62,-5474.98,23.24,-5474.98,23.24
2023.71,-5533.41,23.26,-5533.41,23.26
2023.79,-5511.13,23.38,-5511.13,23.38
2023.87,-5491.88,23.41,-5491.88,23.41
2023.96,-5495.03,23.28,-5495.03,23.28
2024.04,-5483.26,23.5,-5483.26,23.5
2024.12,-5433.24,24.94,-5433.24,24.94
2024.21,-5411.08,26.35,-5411.08,26.35
2024.29,-5440.79,28.19,-5440.79,28.19
2024.37,-5450.36,29.86,-5450.36,29.86
2024.46,-5408.95,31.32,-5408.95,31.32
2024.54,-5501.5,33.17,-5501.5,33.17
2024.62,-5599.93,34.95,-5599.93,34.95
2024.71,-5595.38,36.43,-5595.38,36.43
2024.79,-5614.0,47.66,-5614.0,47.66
2024.87,-5607.44,59.05,-5607.44,59.05
2024.96,-5610.46,70.87,-5610.46,70.87
2025.04,-5608.47,84.32,-5608.47,84.32
