time,MSL_filtered_GIA_TPA_corrected_adjusted,chlor_a,sst_anomaly
1982-01-15 00:00:00,,,-0.22812633
1982-02-15 00:00:00,,,-0.25176266
1982-03-15 00:00:00,,,-0.63939565
1982-04-15 00:00:00,,,-0.82847565
1982-05-15 00:00:00,,,-1.3471369
1982-06-15 00:00:00,,,-0.6126541
1982-07-15 00:00:00,,,-0.7548428
1982-08-15 00:00:00,,,-1.3676598
1982-09-15 00:00:00,,,-1.008956
1982-10-15 00:00:00,,,-0.62887037
1982-11-15 00:00:00,,,-0.6465659
1982-12-15 00:00:00,,,-1.286453
1983-01-15 00:00:00,,,-1.2434199
1983-02-15 00:00:00,,,-1.307278
1983-03-15 00:00:00,,,-1.23066
1983-04-15 00:00:00,,,-1.2063545
1983-05-15 00:00:00,,,-1.0644214
1983-06-15 00:00:00,,,-1.5580952
1983-07-15 00:00:00,,,-0.6521346
1983-08-15 00:00:00,,,-1.5232941
1983-09-15 00:00:00,,,-1.210948
1983-10-15 00:00:00,,,-1.0692927
1983-11-15 00:00:00,,,-0.8669899
1983-12-15 00:00:00,,,-0.9860611
1984-01-15 00:00:00,,,-0.7556451
1984-02-15 00:00:00,,,-0.9068118
1984-03-15 00:00:00,,,-0.87274235
1984-04-15 00:00:00,,,-0.9934783
1984-05-15 00:00:00,,,-2.0011597
1984-06-15 00:00:00,,,-2.469822
1984-07-15 00:00:00,,,-2.068923
1984-08-15 00:00:00,,,-2.2251863
1984-09-15 00:00:00,,,-1.7898159
1984-10-15 00:00:00,,,-1.4870524
1984-11-15 00:00:00,,,-0.5479987
1984-12-15 00:00:00,,,-0.35070962
1985-01-15 00:00:00,,,-0.6662275
1985-02-15 00:00:00,,,-0.46393755
1985-03-15 00:00:00,,,-0.69436985
1985-04-15 00:00:00,,,-0.76218027
1985-05-15 00:00:00,,,-1.1413311
1985-06-15 00:00:00,,,-0.78708535
1985-07-15 00:00:00,,,-0.932097
1985-08-15 00:00:00,,,-1.1161029
1985-09-15 00:00:00,,,-0.79840916
1985-10-15 00:00:00,,,-0.4850916
1985-11-15 00:00:00,,,-0.6036622
1985-12-15 00:00:00,,,-0.30800557
1986-01-15 00:00:00,,,-0.19906712
1986-02-15 00:00:00,,,-0.4886032
1986-03-15 00:00:00,,,-0.4095139
1986-04-15 00:00:00,,,-0.45092162
1986-05-15 00:00:00,,,-0.26389003
1986-06-15 00:00:00,,,-1.0940533
1986-07-15 00:00:00,,,-1.1454694
1986-08-15 00:00:00,,,-0.7086968
1986-09-15 00:00:00,,,-0.3698283
1986-10-15 00:00:00,,,-0.32267
1986-11-15 00:00:00,,,-0.6352371
1986-12-15 00:00:00,,,-0.43833014
1987-01-15 00:00:00,,,-0.98779494
1987-02-15 00:00:00,,,-0.78087693
1987-03-15 00:00:00,,,-0.98880035
1987-04-15 00:00:00,,,-1.1831886
1987-05-15 00:00:00,,,-2.05868
1987-06-15 00:00:00,,,-1.9133308
1987-07-15 00:00:00,,,-0.9782973
1987-08-15 00:00:00,,,-1.1166549
1987-09-15 00:00:00,,,0.09466213
1987-10-15 00:00:00,,,-0.12624775
1987-11-15 00:00:00,,,-0.7061961
1987-12-15 00:00:00,,,-0.57745
1988-01-15 00:00:00,,,-0.07037752
1988-02-15 00:00:00,,,6.814039e-05
1988-03-15 00:00:00,,,-0.40866753
1988-04-15 00:00:00,,,-0.36732748
1988-05-15 00:00:00,,,-0.5661117
1988-06-15 00:00:00,,,-1.2098905
1988-07-15 00:00:00,,,-0.5531465
1988-08-15 00:00:00,,,-0.34698886
1988-09-15 00:00:00,,,-0.8737485
1988-10-15 00:00:00,,,-0.7323155
1988-11-15 00:00:00,,,-0.80317366
1988-12-15 00:00:00,,,-1.0596662
1989-01-15 00:00:00,,,-0.8001245
1989-02-15 00:00:00,,,-0.6748527
1989-03-15 00:00:00,,,-0.48315698
1989-04-15 00:00:00,,,-0.22985247
1989-05-15 00:00:00,,,-0.85522854
1989-06-15 00:00:00,,,-1.3935717
1989-07-15 00:00:00,,,-1.1131189
1989-08-15 00:00:00,,,-0.83893013
1989-09-15 00:00:00,,,-0.82003623
1989-10-15 00:00:00,,,-1.2667401
1989-11-15 00:00:00,,,-0.4584551
1989-12-15 00:00:00,,,-0.14607319
1990-01-15 00:00:00,,,0.0061240965
1990-02-15 00:00:00,,,0.092001125
1990-03-15 00:00:00,,,0.04188634
1990-04-15 00:00:00,,,-0.13205425
1990-05-15 00:00:00,,,0.17870535
1990-06-15 00:00:00,,,-1.0428786
1990-07-15 00:00:00,,,-0.7387067
1990-08-15 00:00:00,,,-0.86676973
1990-09-15 00:00:00,,,-0.8276939
1990-10-15 00:00:00,,,0.038592037
1990-11-15 00:00:00,,,0.28047863
1990-12-15 00:00:00,,,-0.08053232
1991-01-15 00:00:00,,,0.12287934
1991-02-15 00:00:00,,,-0.26500258
1991-03-15 00:00:00,,,-0.23462059
1991-04-15 00:00:00,,,-0.6320935
1991-05-15 00:00:00,,,-1.9752501
1991-06-15 00:00:00,,,-1.927773
1991-07-15 00:00:00,,,-1.4082153
1991-08-15 00:00:00,,,-0.9807282
1991-09-15 00:00:00,,,-0.29012412
1991-10-15 00:00:00,,,-0.31335187
1991-11-15 00:00:00,,,-0.6880691
1991-12-15 00:00:00,,,-0.89464974
1992-01-15 00:00:00,,,-0.881815
1992-02-15 00:00:00,,,-0.76747566
1992-03-15 00:00:00,,,-0.8979622
1992-04-15 00:00:00,,,-0.99038875
1992-05-15 00:00:00,,,-1.1079419
1992-06-15 00:00:00,,,-1.5892892
1992-07-15 00:00:00,,,-1.3152927
1992-08-15 00:00:00,,,-0.2075164
1992-09-15 00:00:00,,,-0.52893746
1992-10-15 00:00:00,,,-0.6165956
1992-11-15 00:00:00,,,-0.31024238
1992-12-15 00:00:00,,,-0.47168425
1993-01-15 00:00:00,,,-0.56980157
1993-01-16 00:00:00,-1.9917211774193548,,
1993-02-14 12:00:00,-0.9555542307142858,,
1993-02-15 00:00:00,,,-0.59680223
1993-03-15 00:00:00,,,-0.8517075
1993-03-16 00:00:00,0.3165272445280645,,
1993-04-15 00:00:00,,,-0.68621457
1993-04-15 12:00:00,1.54954417,,
1993-05-15 00:00:00,,,-0.44548175
1993-05-16 00:00:00,2.083285283870968,,
1993-06-15 00:00:00,,,-0.21165407
1993-06-15 12:00:00,1.8555350066666667,,
1993-07-15 00:00:00,,,-1.0814059
1993-07-16 00:00:00,1.6532283129032257,,
1993-08-15 00:00:00,,,-0.6312645
1993-08-16 00:00:00,1.9429423548387093,,
1993-09-15 00:00:00,,,-0.5527031
1993-09-15 12:00:00,2.319861883333333,,
1993-10-15 00:00:00,,,-0.5833898
1993-10-16 00:00:00,2.242018612903226,,
1993-11-15 00:00:00,,,-0.28965306
1993-11-15 12:00:00,1.7886251633333332,,
1993-12-15 00:00:00,,,-0.033914845
1993-12-16 00:00:00,1.3726301838709678,,
1994-01-15 00:00:00,,,0.015197843
1994-01-16 00:00:00,1.1712367580645162,,
1994-02-14 12:00:00,1.152731692857143,,
1994-02-15 00:00:00,,,-0.3176202
1994-03-15 00:00:00,,,0.15353203
1994-03-16 00:00:00,1.3355997161290325,,
1994-04-15 00:00:00,,,-0.2295729
1994-04-15 12:00:00,1.7514926333333334,,
1994-05-15 00:00:00,,,-0.27715597
1994-05-16 00:00:00,2.172367274193548,,
1994-06-15 00:00:00,,,-0.8031197
1994-06-15 12:00:00,2.215872553333333,,
1994-07-15 00:00:00,,,-0.13321926
1994-07-16 00:00:00,1.9166400677419355,,
1994-08-15 00:00:00,,,0.32425886
1994-08-16 00:00:00,1.737862370967742,,
1994-09-15 00:00:00,,,0.31785786
1994-09-15 12:00:00,1.8487728966666663,,
1994-10-15 00:00:00,,,0.27584445
1994-10-16 00:00:00,2.044964235483871,,
1994-11-15 00:00:00,,,0.001350793
1994-11-15 12:00:00,2.1730231033333336,,
1994-12-15 00:00:00,,,-0.28389925
1994-12-16 00:00:00,2.231730529032258,,
1995-01-15 00:00:00,,,-0.5821823
1995-01-16 00:00:00,2.097922803225807,,
1995-02-14 12:00:00,1.6604427249999998,,
1995-02-15 00:00:00,,,-0.1035341
1995-03-15 00:00:00,,,-0.121838786
1995-03-16 00:00:00,1.1427696074193547,,
1995-04-15 00:00:00,,,-0.5101178
1995-04-15 12:00:00,0.986073157,,
1995-05-15 00:00:00,,,-0.69383955
1995-05-16 00:00:00,1.4211065645161292,,
1995-06-15 00:00:00,,,-0.453711
1995-06-15 12:00:00,2.09344176,,
1995-07-15 00:00:00,,,-0.17191732
1995-07-16 00:00:00,2.333919177419355,,
1995-08-15 00:00:00,,,-0.061723
1995-08-16 00:00:00,1.8808414548387096,,
1995-09-15 00:00:00,,,-0.7554871
1995-09-15 12:00:00,1.4601525700000002,,
1995-10-15 00:00:00,,,-0.62780344
1995-10-16 00:00:00,2.187958329032258,,
1995-11-15 00:00:00,,,-0.9339152
1995-11-15 12:00:00,4.287329369999999,,
1995-12-15 00:00:00,,,-0.56889176
1995-12-16 00:00:00,6.614800819354838,,
1996-01-15 00:00:00,,,-0.07056928
1996-01-16 00:00:00,7.637807054838709,,
1996-02-15 00:00:00,6.976854696551724,,-0.14932531
1996-03-15 00:00:00,,,-0.53529304
1996-03-16 00:00:00,5.483842216129032,,
1996-04-15 00:00:00,,,-0.5915945
1996-04-15 12:00:00,4.094911773333333,,
1996-05-15 00:00:00,,,-0.36845773
1996-05-16 00:00:00,3.088496651612904,,
1996-06-15 00:00:00,,,-0.36738136
1996-06-15 12:00:00,2.3240857966666666,,
1996-07-15 00:00:00,,,-1.107518
1996-07-16 00:00:00,1.8404621870967743,,
1996-08-15 00:00:00,,,-0.63555086
1996-08-16 00:00:00,1.872796367741936,,
1996-09-15 00:00:00,,,-1.2148973
1996-09-15 12:00:00,2.6511088133333334,,
1996-10-15 00:00:00,,,-1.4603727
1996-10-16 00:00:00,4.266658706451612,,
1996-11-15 00:00:00,,,-0.9528745
1996-11-15 12:00:00,6.237456033333333,,
1996-12-15 00:00:00,,,-0.41638938
1996-12-16 00:00:00,7.286822558064516,,
1997-01-15 00:00:00,,,0.04862059
1997-01-16 00:00:00,6.276663,,
1997-02-14 12:00:00,3.861124578571428,,
1997-02-15 00:00:00,,,0.2466054
1997-03-15 00:00:00,,,0.18620019
1997-03-16 00:00:00,1.859179177419355,,
1997-04-15 00:00:00,,,-0.5373309
1997-04-15 12:00:00,1.59056522,,
1997-05-15 00:00:00,,,-0.22701088
1997-05-16 00:00:00,2.724056906451613,,
1997-06-01 00:00:00,,,
1997-06-15 00:00:00,,,0.023839757
1997-06-15 12:00:00,3.618306146666667,,
1997-07-01 00:00:00,,,
1997-07-15 00:00:00,,,-0.8636821
1997-07-16 00:00:00,3.444320325806452,,
1997-08-01 00:00:00,,,
1997-08-15 00:00:00,,,-0.767948
1997-08-16 00:00:00,2.986539158064516,,
1997-09-01 00:00:00,,0.053406797,
1997-09-15 00:00:00,,,-0.6196088
1997-09-15 12:00:00,3.3836978066666665,,
1997-10-01 00:00:00,,0.056052394,
1997-10-15 00:00:00,,,-0.23203817
1997-10-16 00:00:00,4.740027725806451,,
1997-11-01 00:00:00,,0.0778316,
1997-11-15 00:00:00,,,-0.4661237
1997-11-15 12:00:00,6.0900958266666665,,
1997-12-01 00:00:00,,0.11560899,
1997-12-15 00:00:00,,,-0.26852834
1997-12-16 00:00:00,6.446326083870967,,
1998-01-01 00:00:00,,0.12050937,
1998-01-15 00:00:00,,,0.10190604
1998-01-16 00:00:00,5.709399629032258,,
1998-02-01 00:00:00,,0.113974266,
1998-02-14 12:00:00,4.646826810714286,,
1998-02-15 00:00:00,,,0.24042451
1998-03-01 00:00:00,,0.09945272,
1998-03-15 00:00:00,,,0.06246801
1998-03-16 00:00:00,3.909810206451613,,
1998-04-01 00:00:00,,0.07292001,
1998-04-15 00:00:00,,,-0.042759567
1998-04-15 12:00:00,3.691788403333333,,
1998-05-01 00:00:00,,0.061651018,
1998-05-15 00:00:00,,,-0.40904826
1998-05-16 00:00:00,3.818340983870968,,
1998-06-01 00:00:00,,0.04890375,
1998-06-15 00:00:00,,,-0.20635064
1998-06-15 12:00:00,4.0475655900000005,,
1998-07-01 00:00:00,,0.043851405,
1998-07-15 00:00:00,,,-0.28111133
1998-07-16 00:00:00,4.275083874193548,,
1998-08-01 00:00:00,,0.04591523,
1998-08-15 00:00:00,,,0.07422394
1998-08-16 00:00:00,4.453354461290322,,
1998-09-01 00:00:00,,0.044533223,
1998-09-15 00:00:00,,,-0.31367767
1998-09-15 12:00:00,4.462435753333334,,
1998-10-01 00:00:00,,0.05443832,
1998-10-15 00:00:00,,,-0.3625533
1998-10-16 00:00:00,4.034831877419355,,
1998-11-01 00:00:00,,0.06553571,
1998-11-15 00:00:00,,,-0.23731269
1998-11-15 12:00:00,3.1281556566666664,,
1998-12-01 00:00:00,,0.11596314,
1998-12-15 00:00:00,,,-0.4886483
1998-12-16 00:00:00,2.2678097225806453,,
1999-01-01 00:00:00,,0.1285174,
1999-01-15 00:00:00,,,-0.20795126
1999-01-16 00:00:00,2.191873796774193,,
1999-02-01 00:00:00,,0.121917725,
1999-02-14 12:00:00,3.050028303571428,,
1999-02-15 00:00:00,,,-0.25152057
1999-03-01 00:00:00,,0.11741349,
1999-03-15 00:00:00,,,-0.1960961
1999-03-16 00:00:00,4.157213938709678,,
1999-04-01 00:00:00,,0.07452423,
1999-04-15 00:00:00,,,-0.22211713
1999-04-15 12:00:00,4.606406023333333,,
1999-05-01 00:00:00,,0.059606448,
1999-05-15 00:00:00,,,0.33287698
1999-05-16 00:00:00,4.179651909677419,,
1999-06-01 00:00:00,,0.05300641,
1999-06-15 00:00:00,,,0.29449588
1999-06-15 12:00:00,3.61044368,,
1999-07-01 00:00:00,,0.050302986,
1999-07-15 00:00:00,,,-0.19269624
1999-07-16 00:00:00,3.5956754322580644,,
1999-08-01 00:00:00,,0.04730195,
1999-08-15 00:00:00,,,0.14658783
1999-08-16 00:00:00,3.993985803225807,,
1999-09-01 00:00:00,,0.04868165,
1999-09-15 00:00:00,,,0.5301224
1999-09-15 12:00:00,4.047904636666667,,
1999-10-01 00:00:00,,0.05338912,
1999-10-15 00:00:00,,,0.5341026
1999-10-16 00:00:00,3.3665277709677417,,
1999-11-01 00:00:00,,0.08253831,
1999-11-15 00:00:00,,,0.3500204
1999-11-15 12:00:00,2.340843503333333,,
1999-12-01 00:00:00,,0.1136137,
1999-12-15 00:00:00,,,-0.09656227
1999-12-16 00:00:00,1.797948306451613,,
2000-01-01 00:00:00,,0.13225316,
2000-01-15 00:00:00,,,-0.33926415
2000-01-16 00:00:00,2.44319394516129,,
2000-02-01 00:00:00,,0.123989895,
2000-02-15 00:00:00,4.056595355172414,,-0.20598148
2000-03-01 00:00:00,,0.10755994,
2000-03-15 00:00:00,,,-0.31735918
2000-03-16 00:00:00,5.617260883870968,,
2000-04-01 00:00:00,,0.0822113,
2000-04-15 00:00:00,,,-0.22436018
2000-04-15 12:00:00,5.994427446666666,,
2000-05-01 00:00:00,,0.05970958,
2000-05-15 00:00:00,,,0.50297326
2000-05-16 00:00:00,4.8908736,,
2000-06-01 00:00:00,,0.049402244,
2000-06-15 00:00:00,,,0.19297132
2000-06-15 12:00:00,3.17555488,,
2000-07-01 00:00:00,,0.044724926,
2000-07-15 00:00:00,,,-0.5881615
2000-07-16 00:00:00,1.8397442193548388,,
2000-08-01 00:00:00,,0.047696587,
2000-08-15 00:00:00,,,-0.6737014
2000-08-16 00:00:00,1.2752921483870967,,
2000-09-01 00:00:00,,0.04737789,
2000-09-15 00:00:00,,,-0.2616377
2000-09-15 12:00:00,1.5422601066666668,,
2000-10-01 00:00:00,,0.059663903,
2000-10-15 00:00:00,,,-0.6568609
2000-10-16 00:00:00,2.688621622580645,,
2000-11-01 00:00:00,,0.07404179,
2000-11-15 00:00:00,,,-0.046931725
2000-11-15 12:00:00,4.638805813333334,,
2000-12-01 00:00:00,,0.092500426,
2000-12-15 00:00:00,,,0.269947
2000-12-16 00:00:00,6.736365696774193,,
2001-01-01 00:00:00,,0.119775325,
2001-01-15 00:00:00,,,0.042072054
2001-01-16 00:00:00,7.875325361290322,,
2001-02-01 00:00:00,,0.123583585,
2001-02-14 12:00:00,7.514099649999999,,
2001-02-15 00:00:00,,,0.16077395
2001-03-01 00:00:00,,0.084399685,
2001-03-15 00:00:00,,,0.5162502
2001-03-16 00:00:00,6.074163793548387,,
2001-04-01 00:00:00,,0.06457805,
2001-04-15 00:00:00,,,0.06602786
2001-04-15 12:00:00,4.358067259999999,,
2001-05-01 00:00:00,,0.055868283,
2001-05-15 00:00:00,,,-0.4329424
2001-05-16 00:00:00,3.117620116129032,,
2001-06-01 00:00:00,,0.04633715,
2001-06-15 00:00:00,,,-0.51454425
2001-06-15 12:00:00,2.661385273333333,,
2001-07-01 00:00:00,,0.04563097,
2001-07-15 00:00:00,,,-0.47120786
2001-07-16 00:00:00,3.003020429032258,,
2001-08-01 00:00:00,,0.044580996,
2001-08-15 00:00:00,,,-0.08970818
2001-08-16 00:00:00,3.6953471387096775,,
2001-09-01 00:00:00,,0.045348987,
2001-09-15 00:00:00,,,-0.23886226
2001-09-15 12:00:00,3.81161415,,
2001-10-01 00:00:00,,0.04966025,
2001-10-15 00:00:00,,,0.67716974
2001-10-16 00:00:00,2.844864051612903,,
2001-11-01 00:00:00,,0.0751781,
2001-11-15 00:00:00,,,0.058973175
2001-11-15 12:00:00,1.3857247503333334,,
2001-12-01 00:00:00,,0.11523552,
2001-12-15 00:00:00,,,-0.49818212
2001-12-16 00:00:00,0.8021402003225806,,
2002-01-01 00:00:00,,0.11993101,
2002-01-15 00:00:00,,,-0.36384532
2002-01-16 00:00:00,1.902345029032258,,
2002-02-01 00:00:00,,0.11917742,
2002-02-14 12:00:00,3.8114041857142857,,
2002-02-15 00:00:00,,,0.115519874
2002-03-01 00:00:00,,0.097392604,
2002-03-15 00:00:00,,,0.31004977
2002-03-16 00:00:00,5.070233380645162,,
2002-04-01 00:00:00,,0.08215042,
2002-04-15 00:00:00,,,-0.07015039
2002-04-15 12:00:00,4.847435746666666,,
2002-05-01 00:00:00,,0.058099475,
2002-05-15 00:00:00,,,-0.079113536
2002-05-16 00:00:00,3.636647625806452,,
2002-06-01 00:00:00,,0.04796555,
2002-06-15 00:00:00,,,-0.004281014
2002-06-15 12:00:00,2.768631696666666,,
2002-07-01 00:00:00,,0.047704667,
2002-07-15 00:00:00,,,-0.033662856
2002-07-16 00:00:00,2.9861534064516126,,
2002-08-01 00:00:00,,0.04622452,
2002-08-15 00:00:00,,,-0.5255594
2002-08-16 00:00:00,4.00311975483871,,
2002-09-01 00:00:00,,0.04743124,
2002-09-15 00:00:00,,,-0.32676676
2002-09-15 12:00:00,5.112626043333334,,
2002-10-01 00:00:00,,0.0525415,
2002-10-15 00:00:00,,,-0.38880998
2002-10-16 00:00:00,5.957186303225806,,
2002-11-01 00:00:00,,0.070258714,
2002-11-15 00:00:00,,,-0.06263454
2002-11-15 12:00:00,6.361416433333333,,
2002-12-01 00:00:00,,0.10207372,
2002-12-15 00:00:00,,,0.067923054
2002-12-16 00:00:00,5.999447403225807,,
2003-01-01 00:00:00,,0.12688911,
2003-01-15 00:00:00,,,0.25286564
2003-01-16 00:00:00,4.677212525806452,,
2003-02-01 00:00:00,,0.12310367,
2003-02-14 12:00:00,2.966278482142857,,
2003-02-15 00:00:00,,,-0.24043755
2003-03-01 00:00:00,,0.10777639,
2003-03-15 00:00:00,,,-0.2942893
2003-03-16 00:00:00,1.7164990129032258,,
2003-04-01 00:00:00,,0.09036554,
2003-04-15 00:00:00,,,-0.5048391
2003-04-15 12:00:00,1.52486329,,
2003-05-01 00:00:00,,0.059454855,
2003-05-15 00:00:00,,,0.5987256
2003-05-16 00:00:00,2.236956148387097,,
2003-06-01 00:00:00,,0.05343473,
2003-06-15 00:00:00,,,1.3772157
2003-06-15 12:00:00,3.0684922266666663,,
2003-07-01 00:00:00,,0.047136955,
2003-07-15 00:00:00,,,1.0880638
2003-07-16 00:00:00,3.6244896967741935,,
2003-08-01 00:00:00,,0.046134155,
2003-08-15 00:00:00,,,1.0046206
2003-08-16 00:00:00,4.07202119032258,,
2003-09-01 00:00:00,,0.04985385,
2003-09-15 00:00:00,,,-0.0018907067
2003-09-15 12:00:00,4.488353356666667,,
2003-10-01 00:00:00,,0.05891715,
2003-10-15 00:00:00,,,-0.15902571
2003-10-16 00:00:00,4.713353596774193,,
2003-11-01 00:00:00,,0.07805288,
2003-11-15 00:00:00,,,-0.09018594
2003-11-15 12:00:00,4.7659501,,
2003-12-01 00:00:00,,0.1051792,
2003-12-15 00:00:00,,,0.016492713
2003-12-16 00:00:00,4.859951706451613,,
2004-01-01 00:00:00,,0.14127356,
2004-01-15 00:00:00,,,-0.35601425
2004-01-16 00:00:00,5.136981112903226,,
2004-02-01 00:00:00,,0.14329201,
2004-02-15 00:00:00,5.458497675862069,,-0.36832786
2004-03-01 00:00:00,,0.13883735,
2004-03-15 00:00:00,,,-0.4439498
2004-03-16 00:00:00,5.4865195290322575,,
2004-04-01 00:00:00,,0.08857714,
2004-04-15 00:00:00,,,-0.29306346
2004-04-15 12:00:00,5.016014636666667,,
2004-05-01 00:00:00,,0.06580769,
2004-05-15 00:00:00,,,-1.0032375
2004-05-16 00:00:00,4.27378990967742,,
2004-06-01 00:00:00,,0.051433634,
2004-06-15 00:00:00,,,-0.66583025
2004-06-15 12:00:00,3.755116996666666,,
2004-07-01 00:00:00,,0.049974747,
2004-07-15 00:00:00,,,-0.10880911
2004-07-16 00:00:00,3.844442141935484,,
2004-08-01 00:00:00,,0.045165826,
2004-08-15 00:00:00,,,-0.3152358
2004-08-16 00:00:00,4.507013106451613,,
2004-09-01 00:00:00,,0.048888918,
2004-09-15 00:00:00,,,-0.33164498
2004-09-15 12:00:00,5.0848141,,
2004-10-01 00:00:00,,0.053299304,
2004-10-15 00:00:00,,,0.13823654
2004-10-16 00:00:00,4.7648025419354845,,
2004-11-01 00:00:00,,0.08187654,
2004-11-15 00:00:00,,,0.30821392
2004-11-15 12:00:00,3.460498536666667,,
2004-12-01 00:00:00,,0.10519013,
2004-12-15 00:00:00,,,0.06305418
2004-12-16 00:00:00,2.182899522580645,,
2005-01-01 00:00:00,,0.11929302,
2005-01-15 00:00:00,,,-0.109793685
2005-01-16 00:00:00,2.064302216129032,,
2005-02-01 00:00:00,,0.12298301,
2005-02-14 12:00:00,3.168806585714286,,
2005-02-15 00:00:00,,,-0.53630227
2005-03-01 00:00:00,,0.122342885,
2005-03-15 00:00:00,,,-0.5012568
2005-03-16 00:00:00,4.625039180645161,,
2005-04-01 00:00:00,,0.09160226,
2005-04-15 00:00:00,,,-0.60799325
2005-04-15 12:00:00,5.5015915233333335,,
2005-05-01 00:00:00,,0.059979435,
2005-05-15 00:00:00,,,-0.088334076
2005-05-16 00:00:00,5.542520177419355,,
2005-06-01 00:00:00,,0.05272238,
2005-06-15 00:00:00,,,0.05118744
2005-06-15 12:00:00,5.242366700000001,,
2005-07-01 00:00:00,,0.047774956,
2005-07-15 00:00:00,,,-0.004103559
2005-07-16 00:00:00,4.89731280967742,,
2005-08-01 00:00:00,,0.04646097,
2005-08-15 00:00:00,,,-0.6398165
2005-08-16 00:00:00,4.403393006451613,,
2005-09-01 00:00:00,,0.050489053,
2005-09-15 00:00:00,,,-0.39895752
2005-09-15 12:00:00,3.674366843333333,,
2005-10-01 00:00:00,,0.054166175,
2005-10-15 00:00:00,,,-0.30012894
2005-10-16 00:00:00,2.764577451612904,,
2005-11-01 00:00:00,,0.06503911,
2005-11-15 00:00:00,,,-0.12554944
2005-11-15 12:00:00,2.0104942066666665,,
2005-12-01 00:00:00,,0.10602897,
2005-12-15 00:00:00,,,-0.4712096
2005-12-16 00:00:00,2.105950848387097,,
2006-01-01 00:00:00,,0.10574273,
2006-01-15 00:00:00,,,-0.47778746
2006-01-16 00:00:00,3.525526735483871,,
2006-02-01 00:00:00,,0.13233282,
2006-02-14 12:00:00,5.5814332,,
2006-02-15 00:00:00,,,-0.49362925
2006-03-01 00:00:00,,0.12925802,
2006-03-15 00:00:00,,,-0.52076006
2006-03-16 00:00:00,7.066387383870968,,
2006-04-01 00:00:00,,0.090321645,
2006-04-15 00:00:00,,,-0.051868822
2006-04-15 12:00:00,7.120365383333334,,
2006-05-01 00:00:00,,0.061956853,
2006-05-15 00:00:00,,,0.22432023
2006-05-16 00:00:00,6.046339209677419,,
2006-06-01 00:00:00,,0.05275185,
2006-06-15 00:00:00,,,-0.42579362
2006-06-15 12:00:00,5.11874128,,
2006-07-01 00:00:00,,0.0487044,
2006-07-15 00:00:00,,,0.40903094
2006-07-16 00:00:00,5.183136732258065,,
2006-08-01 00:00:00,,0.043712635,
2006-08-15 00:00:00,,,-0.34119165
2006-08-16 00:00:00,5.901804735483871,,
2006-09-01 00:00:00,,0.044916358,
2006-09-15 00:00:00,,,-0.3888853
2006-09-15 12:00:00,6.1394565100000005,,
2006-10-01 00:00:00,,0.053087994,
2006-10-15 00:00:00,,,0.068675704
2006-10-16 00:00:00,5.260642535483871,,
2006-11-01 00:00:00,,0.06792609,
2006-11-15 00:00:00,,,-0.06596494
2006-11-15 12:00:00,3.764204603333333,,
2006-12-01 00:00:00,,0.08416958,
2006-12-15 00:00:00,,,0.36584163
2006-12-16 00:00:00,2.8386578161290323,,
2007-01-01 00:00:00,,0.1100332,
2007-01-15 00:00:00,,,0.32501215
2007-01-16 00:00:00,3.1873757548387096,,
2007-02-01 00:00:00,,0.120105304,
2007-02-14 12:00:00,4.2449894892857145,,
2007-02-15 00:00:00,,,0.33989573
2007-03-01 00:00:00,,0.10465824,
2007-03-15 00:00:00,,,0.33501217
2007-03-16 00:00:00,5.05472215483871,,
2007-04-01 00:00:00,,0.079845205,
2007-04-15 00:00:00,,,0.41863024
2007-04-15 12:00:00,5.274960423333334,,
2007-05-01 00:00:00,,0.062349737,
2007-05-15 00:00:00,,,0.5768059
2007-05-16 00:00:00,5.245974922580645,,
2007-06-01 00:00:00,,0.05593414,
2007-06-15 00:00:00,,,0.360753
2007-06-15 12:00:00,5.30142835,,
2007-07-01 00:00:00,,0.046265293,
2007-07-15 00:00:00,,,0.1066203
2007-07-16 00:00:00,5.18223654516129,,
2007-08-01 00:00:00,,0.044252437,
2007-08-15 00:00:00,,,-0.32055992
2007-08-16 00:00:00,4.54282623548387,,
2007-09-01 00:00:00,,0.045396,
2007-09-15 00:00:00,,,-0.35372928
2007-09-15 12:00:00,3.5975954266666665,,
2007-10-01 00:00:00,,0.052674644,
2007-10-15 00:00:00,,,-0.2552192
2007-10-16 00:00:00,2.829680019354839,,
2007-11-01 00:00:00,,0.07959219,
2007-11-15 00:00:00,,,-0.5012066
2007-11-15 12:00:00,2.392840206666667,,
2007-12-01 00:00:00,,0.11241622,
2007-12-15 00:00:00,,,-0.39436895
2007-12-16 00:00:00,2.32341235483871,,
2008-01-01 00:00:00,,0.12497138,
2008-01-15 00:00:00,,,0.016649911
2008-01-16 00:00:00,2.9195972193548387,,
2008-02-01 00:00:00,,0.115188405,
2008-02-15 00:00:00,4.267850034482759,,0.09998407
2008-03-01 00:00:00,,0.11119062,
2008-03-15 00:00:00,,,0.22928654
2008-03-16 00:00:00,5.950932374193548,,
2008-04-01 00:00:00,,0.0818547,
2008-04-15 00:00:00,,,0.14540188
2008-04-15 12:00:00,7.123922726666667,,
2008-05-01 00:00:00,,0.055728983,
2008-05-15 00:00:00,,,0.09847787
2008-05-16 00:00:00,7.17860235483871,,
2008-06-01 00:00:00,,0.051168155,
2008-06-15 00:00:00,,,0.22934747
2008-06-15 12:00:00,6.358483096666666,,
2008-07-01 00:00:00,,0.046680138,
2008-07-15 00:00:00,,,0.38373622
2008-07-16 00:00:00,5.374946119354839,,
2008-08-01 00:00:00,,0.042037137,
2008-08-15 00:00:00,,,0.03798422
2008-08-16 00:00:00,4.839889003225807,,
2008-09-01 00:00:00,,0.043387417,
2008-09-15 00:00:00,,,0.28222078
2008-09-15 12:00:00,4.7499062,,
2008-10-01 00:00:00,,0.05258711,
2008-10-15 00:00:00,,,-0.34238923
2008-10-16 00:00:00,4.79834536451613,,
2008-11-01 00:00:00,,0.071524605,
2008-11-15 00:00:00,,,0.20729037
2008-11-15 12:00:00,5.012035156666667,,
2008-12-01 00:00:00,,0.11899726,
2008-12-15 00:00:00,,,-0.074820474
2008-12-16 00:00:00,5.429150667741935,,
2009-01-01 00:00:00,,0.14406097,
2009-01-15 00:00:00,,,-0.053697135
2009-01-16 00:00:00,5.812612790322581,,
2009-02-01 00:00:00,,0.13185135,
2009-02-14 12:00:00,5.831063964285714,,
2009-02-15 00:00:00,,,-0.014150711
2009-03-01 00:00:00,,0.120546296,
2009-03-15 00:00:00,,,-0.24846007
2009-03-16 00:00:00,5.616183229032258,,
2009-04-01 00:00:00,,0.09284977,
2009-04-15 00:00:00,,,-0.1864883
2009-04-15 12:00:00,5.703380853333333,,
2009-05-01 00:00:00,,0.060108732,
2009-05-15 00:00:00,,,0.34670562
2009-05-16 00:00:00,6.3708040225806455,,
2009-06-01 00:00:00,,0.048957083,
2009-06-15 00:00:00,,,0.5341549
2009-06-15 12:00:00,7.126968156666667,,
2009-07-01 00:00:00,,0.045269176,
2009-07-15 00:00:00,,,0.36119252
2009-07-16 00:00:00,7.172155616129032,,
2009-08-01 00:00:00,,0.04173687,
2009-08-15 00:00:00,,,0.33069462
2009-08-16 00:00:00,6.284126370967742,,
2009-09-01 00:00:00,,0.0463811,
2009-09-15 00:00:00,,,0.31509888
2009-09-15 12:00:00,5.556951443333333,,
2009-10-01 00:00:00,,0.057311233,
2009-10-15 00:00:00,,,0.12419236
2009-10-16 00:00:00,6.206482309677419,,
2009-11-01 00:00:00,,0.08158698,
2009-11-15 00:00:00,,,-0.3944649
2009-11-15 12:00:00,8.560290556666667,,
2009-12-01 00:00:00,,0.11245394,
2009-12-15 00:00:00,,,-0.061354578
2009-12-16 00:00:00,11.642542983870968,,
2010-01-01 00:00:00,,0.13421172,
2010-01-15 00:00:00,,,0.19582413
2010-01-16 00:00:00,13.668425612903224,,
2010-02-01 00:00:00,,0.14612976,
2010-02-14 12:00:00,13.412240125,,
2010-02-15 00:00:00,,,0.13091244
2010-03-01 00:00:00,,0.14318547,
2010-03-15 00:00:00,,,0.23599595
2010-03-16 00:00:00,11.343056161290324,,
2010-04-01 00:00:00,,0.084989965,
2010-04-15 00:00:00,,,0.65431404
2010-04-15 12:00:00,8.935582616666666,,
2010-05-01 00:00:00,,0.060146596,
2010-05-15 00:00:00,,,0.24037407
2010-05-16 00:00:00,7.603814354838709,,
2010-06-01 00:00:00,,0.052976083,
2010-06-15 00:00:00,,,-0.056837164
2010-06-15 12:00:00,7.432774506666666,,
2010-07-01 00:00:00,,0.049593993,
2010-07-15 00:00:00,,,0.5737148
2010-07-16 00:00:00,7.7129723,,
2010-08-01 00:00:00,,0.046181247,
2010-08-15 00:00:00,,,0.13290605
2010-08-16 00:00:00,8.094029712903227,,
2010-09-01 00:00:00,,0.047830313,
2010-09-15 00:00:00,,,0.053562857
2010-09-15 12:00:00,8.827925833333333,,
2010-10-01 00:00:00,,0.06070355,
2010-10-15 00:00:00,,,-0.06717515
2010-10-16 00:00:00,10.05270206451613,,
2010-11-01 00:00:00,,0.08407782,
2010-11-15 00:00:00,,,-0.0743047
2010-11-15 12:00:00,11.070812766666668,,
2010-12-01 00:00:00,,0.13561842,
2010-12-15 00:00:00,,,0.20699519
2010-12-16 00:00:00,10.919618306451614,,
2011-01-01 00:00:00,,0.13242786,
2011-01-15 00:00:00,,,0.43043727
2011-01-16 00:00:00,9.26230479032258,,
2011-02-01 00:00:00,,0.13956021,
2011-02-14 12:00:00,6.970358835714285,,
2011-02-15 00:00:00,,,0.4762113
2011-03-01 00:00:00,,0.1203731,
2011-03-15 00:00:00,,,0.32677767
2011-03-16 00:00:00,5.213225158064517,,
2011-04-01 00:00:00,,0.075055875,
2011-04-15 00:00:00,,,0.64578706
2011-04-15 12:00:00,4.805760723333333,,
2011-05-01 00:00:00,,0.062358346,
2011-05-15 00:00:00,,,0.26016676
2011-05-16 00:00:00,5.637374993548387,,
2011-06-01 00:00:00,,0.051019646,
2011-06-15 00:00:00,,,0.21804547
2011-06-15 12:00:00,6.700157813333333,,
2011-07-01 00:00:00,,0.048880022,
2011-07-15 00:00:00,,,0.17266983
2011-07-16 00:00:00,7.111295319354839,,
2011-08-01 00:00:00,,0.044373076,
2011-08-15 00:00:00,,,-0.06536437
2011-08-16 00:00:00,6.562850638709677,,
2011-09-01 00:00:00,,0.04678161,
2011-09-15 00:00:00,,,0.73155946
2011-09-15 12:00:00,5.4505936,,
2011-10-01 00:00:00,,0.053937662,
2011-10-15 00:00:00,,,0.05446213
2011-10-16 00:00:00,4.383172109677419,,
2011-11-01 00:00:00,,0.069676794,
2011-11-15 00:00:00,,,-0.18819202
2011-11-15 12:00:00,3.5505383,,
2011-12-01 00:00:00,,0.083855264,
2011-12-15 00:00:00,,,0.2363694
2011-12-16 00:00:00,2.83763064516129,,
2012-01-01 00:00:00,,0.115406126,
2012-01-15 00:00:00,,,0.014865076
2012-01-16 00:00:00,2.438799551612904,,
2012-02-01 00:00:00,,0.13045172,
2012-02-15 00:00:00,2.9492477241379307,,-0.22654271
2012-03-01 00:00:00,,0.108305946,
2012-03-15 00:00:00,,,-0.08373
2012-03-16 00:00:00,4.517788806451613,,
2012-04-01 00:00:00,,0.076601565,
2012-04-15 00:00:00,,,0.11880097
2012-04-15 12:00:00,6.36035285,,
2012-05-01 00:00:00,,0.05466895,
2012-05-15 00:00:00,,,0.4646192
2012-05-16 00:00:00,7.278722603225806,,
2012-06-01 00:00:00,,0.046348177,
2012-06-15 00:00:00,,,0.8337742
2012-06-15 12:00:00,6.99171101,,
2012-07-01 00:00:00,,0.043517243,
2012-07-15 00:00:00,,,0.90846425
2012-07-16 00:00:00,6.439085258064517,,
2012-08-01 00:00:00,,0.040812,
2012-08-15 00:00:00,,,0.7781924
2012-08-16 00:00:00,6.5818952,,
2012-09-01 00:00:00,,0.044338085,
2012-09-15 00:00:00,,,0.23010314
2012-09-15 12:00:00,7.21019648,,
2012-10-01 00:00:00,,0.04820601,
2012-10-15 00:00:00,,,0.93460625
2012-10-16 00:00:00,7.548674577419354,,
2012-11-01 00:00:00,,0.0644347,
2012-11-15 00:00:00,,,0.8142528
2012-11-15 12:00:00,7.444586086666666,,
2012-12-01 00:00:00,,0.102026045,
2012-12-15 00:00:00,,,0.23590204
2012-12-16 00:00:00,7.630305487096773,,
2013-01-01 00:00:00,,0.115636714,
2013-01-15 00:00:00,,,0.16632558
2013-01-16 00:00:00,8.618207983870967,,
2013-02-01 00:00:00,,0.11422054,
2013-02-14 12:00:00,9.884462392857143,,
2013-02-15 00:00:00,,,0.044857107
2013-03-01 00:00:00,,0.13977405,
2013-03-15 00:00:00,,,0.0063680583
2013-03-16 00:00:00,10.504636064516127,,
2013-04-01 00:00:00,,0.093568526,
2013-04-15 00:00:00,,,0.3977443
2013-04-15 12:00:00,9.929045866666666,,
2013-05-01 00:00:00,,0.06472899,
2013-05-15 00:00:00,,,0.3782913
2013-05-16 00:00:00,8.538843429032259,,
2013-06-01 00:00:00,,0.053404715,
2013-06-15 00:00:00,,,-0.51162374
2013-06-15 12:00:00,7.27666133,,
2013-07-01 00:00:00,,0.047424134,
2013-07-15 00:00:00,,,-0.032990396
2013-07-16 00:00:00,6.71354120967742,,
2013-08-01 00:00:00,,0.04242428,
2013-08-15 00:00:00,,,0.18334275
2013-08-16 00:00:00,6.69043810967742,,
2013-09-01 00:00:00,,0.045072768,
2013-09-15 00:00:00,,,0.14877322
2013-09-15 12:00:00,6.56245907,,
2013-10-01 00:00:00,,0.051595155,
2013-10-15 00:00:00,,,0.32863563
2013-10-16 00:00:00,6.064133825806452,,
2013-11-01 00:00:00,,0.06370073,
2013-11-15 00:00:00,,,0.5554593
2013-11-15 12:00:00,5.596726816666666,,
2013-12-01 00:00:00,,0.09620308,
2013-12-15 00:00:00,,,0.06258676
2013-12-16 00:00:00,5.571185377419355,,
2014-01-01 00:00:00,,0.113727994,
2014-01-15 00:00:00,,,0.47817904
2014-01-16 00:00:00,5.991006558064517,,
2014-02-01 00:00:00,,0.12476075,
2014-02-14 12:00:00,6.327038589285714,,
2014-02-15 00:00:00,,,0.5789205
2014-03-01 00:00:00,,0.10002508,
2014-03-15 00:00:00,,,0.5623667
2014-03-16 00:00:00,6.311233470967742,,
2014-04-01 00:00:00,,0.06446145,
2014-04-15 00:00:00,,,0.7604198
2014-04-15 12:00:00,6.194592626666666,,
2014-05-01 00:00:00,,0.05192976,
2014-05-15 00:00:00,,,0.2321437
2014-05-16 00:00:00,6.484142709677419,,
2014-06-01 00:00:00,,0.048097324,
2014-06-15 00:00:00,,,0.13737445
2014-06-15 12:00:00,7.292297026666666,,
2014-07-01 00:00:00,,0.045173142,
2014-07-15 00:00:00,,,-0.338993
2014-07-16 00:00:00,8.176861187096774,,
2014-08-01 00:00:00,,0.043071285,
2014-08-15 00:00:00,,,-0.12561211
2014-08-16 00:00:00,8.77078006451613,,
2014-09-01 00:00:00,,0.043970175,
2014-09-15 00:00:00,,,0.5603673
2014-09-15 12:00:00,8.9293649,,
2014-10-01 00:00:00,,0.051099114,
2014-10-15 00:00:00,,,0.679011
2014-10-16 00:00:00,8.537659241935485,,
2014-11-01 00:00:00,,0.06924905,
2014-11-15 00:00:00,,,0.5008455
2014-11-15 12:00:00,7.560370036666667,,
2014-12-01 00:00:00,,0.08819043,
2014-12-15 00:00:00,,,0.86339706
2014-12-16 00:00:00,6.108960161290323,,
2015-01-01 00:00:00,,0.13284153,
2015-01-15 00:00:00,,,0.39890537
2015-01-16 00:00:00,4.557667958064516,,
2015-02-01 00:00:00,,0.14111935,
2015-02-14 12:00:00,3.555064557142857,,
2015-02-15 00:00:00,,,0.16822836
2015-03-01 00:00:00,,0.1270653,
2015-03-15 00:00:00,,,0.03452636
2015-03-16 00:00:00,3.304770983870968,,
2015-04-01 00:00:00,,0.08780883,
2015-04-15 00:00:00,,,0.09765646
2015-04-15 12:00:00,3.74173538,,
2015-05-01 00:00:00,,0.056592934,
2015-05-15 00:00:00,,,0.58141553
2015-05-16 00:00:00,4.6430123709677416,,
2015-06-01 00:00:00,,0.05073126,
2015-06-15 00:00:00,,,0.31939864
2015-06-15 12:00:00,5.793701933333334,,
2015-07-01 00:00:00,,0.04546138,
2015-07-15 00:00:00,,,0.99426305
2015-07-16 00:00:00,6.9989499483870965,,
2015-08-01 00:00:00,,0.042798597,
2015-08-15 00:00:00,,,0.9741914
2015-08-16 00:00:00,7.893310964516129,,
2015-09-01 00:00:00,,0.04667045,
2015-09-15 00:00:00,,,0.7335448
2015-09-15 12:00:00,8.141421333333334,,
2015-10-01 00:00:00,,0.056693498,
2015-10-15 00:00:00,,,0.4656052
2015-10-16 00:00:00,7.864273806451613,,
2015-11-01 00:00:00,,0.067990616,
2015-11-15 00:00:00,,,0.4758312
2015-11-15 12:00:00,7.629857073333333,,
2015-12-01 00:00:00,,0.08691186,
2015-12-15 00:00:00,,,0.54974055
2015-12-16 00:00:00,7.911012593548387,,
2016-01-01 00:00:00,,0.123756185,
2016-01-15 00:00:00,,,0.71890545
2016-01-16 00:00:00,8.593586225806453,,
2016-02-01 00:00:00,,0.11640849,
2016-02-15 00:00:00,9.142080879310344,,0.7192968
2016-03-01 00:00:00,,0.10153781,
2016-03-15 00:00:00,,,0.6593832
2016-03-16 00:00:00,9.25346793548387,,
2016-04-01 00:00:00,,0.06624408,
2016-04-15 00:00:00,,,0.9946157
2016-04-15 12:00:00,9.0017748,,
2016-05-01 00:00:00,,0.054993972,
2016-05-15 00:00:00,,,0.13013454
2016-05-16 00:00:00,8.670432032258065,,
2016-06-01 00:00:00,,0.04908444,
2016-06-15 00:00:00,,,0.30044267
2016-06-15 12:00:00,8.392656083333334,,
2016-07-01 00:00:00,,0.04453429,
2016-07-15 00:00:00,,,0.29093504
2016-07-16 00:00:00,8.17942920967742,,
2016-08-01 00:00:00,,0.041074462,
2016-08-15 00:00:00,,,-0.18150365
2016-08-16 00:00:00,8.099307064516129,,
2016-09-01 00:00:00,,0.044182237,
2016-09-15 00:00:00,,,0.4214938
2016-09-15 12:00:00,7.9491961,,
2016-10-01 00:00:00,,0.049623393,
2016-10-15 00:00:00,,,0.5743105
2016-10-16 00:00:00,7.272656632258065,,
2016-11-01 00:00:00,,0.067649774,
2016-11-15 00:00:00,,,0.64672697
2016-11-15 12:00:00,6.00923811,,
2016-12-01 00:00:00,,0.08772393,
2016-12-15 00:00:00,,,0.63624024
2016-12-16 00:00:00,4.761294138709677,,
2017-01-01 00:00:00,,0.10265795,
2017-01-15 00:00:00,,,0.15039271
2017-01-16 00:00:00,4.295464464516129,,
2017-02-01 00:00:00,,0.116567805,
2017-02-14 12:00:00,4.811451075,,
2017-02-15 00:00:00,,,0.2214122
2017-03-01 00:00:00,,0.108667515,
2017-03-15 00:00:00,,,0.5612142
2017-03-16 00:00:00,5.89464225483871,,
2017-04-01 00:00:00,,0.06341996,
2017-04-15 00:00:00,,,0.74441445
2017-04-15 12:00:00,7.110141503333334,,
2017-05-01 00:00:00,,0.047775086,
2017-05-15 00:00:00,,,0.6938408
2017-05-16 00:00:00,8.213112277419354,,
2017-06-01 00:00:00,,0.042763967,
2017-06-15 00:00:00,,,1.2947748
2017-06-15 12:00:00,9.129049883333332,,
2017-07-01 00:00:00,,0.04110171,
2017-07-15 00:00:00,,,0.76772606
2017-07-16 00:00:00,9.566317241935485,,
2017-08-01 00:00:00,,0.038708236,
2017-08-15 00:00:00,,,0.5305264
2017-08-16 00:00:00,9.237089322580644,,
2017-09-01 00:00:00,,0.043009143,
2017-09-15 00:00:00,,,0.0683065
2017-09-15 12:00:00,8.306453620000001,,
2017-10-01 00:00:00,,0.049137834,
2017-10-15 00:00:00,,,-0.019220712
2017-10-16 00:00:00,7.112711248387097,,
2017-11-01 00:00:00,,0.06900282,
2017-11-15 00:00:00,,,-0.12746896
2017-11-15 12:00:00,6.191212016666666,,
2017-12-01 00:00:00,,0.10059889,
2017-12-15 00:00:00,,,-0.06743907
2017-12-16 00:00:00,6.4604891645161295,,
2018-01-01 00:00:00,,0.1133823,
2018-01-15 00:00:00,,,0.20892107
2018-01-16 00:00:00,8.359457,,
2018-02-01 00:00:00,,0.11359993,
2018-02-14 12:00:00,10.840791089285714,,
2018-02-15 00:00:00,,,0.37050638
2018-03-01 00:00:00,,0.1183139,
2018-03-15 00:00:00,,,0.41256884
2018-03-16 00:00:00,12.369322322580643,,
2018-04-01 00:00:00,,0.08470753,
2018-04-15 00:00:00,,,0.88101125
2018-04-15 12:00:00,12.07162065,,
2018-05-01 00:00:00,,0.061154287,
2018-05-15 00:00:00,,,1.1898038
2018-05-16 00:00:00,10.591894612903223,,
2018-06-01 00:00:00,,0.050694123,
2018-06-15 00:00:00,,,1.0981207
2018-06-15 12:00:00,9.437680266666666,,
2018-07-01 00:00:00,,0.04618063,
2018-07-15 00:00:00,,,0.7016495
2018-07-16 00:00:00,9.235869403225808,,
2018-08-01 00:00:00,,0.044194583,
2018-08-15 00:00:00,,,0.9065369
2018-08-16 00:00:00,9.47907229032258,,
2018-09-01 00:00:00,,0.045566246,
2018-09-15 00:00:00,,,0.95809793
2018-09-15 12:00:00,9.45308905,,
2018-10-01 00:00:00,,0.057599097,
2018-10-15 00:00:00,,,0.38216755
2018-10-16 00:00:00,9.174562951612904,,
2018-11-01 00:00:00,,0.078270815,
2018-11-15 00:00:00,,,0.3573182
2018-11-15 12:00:00,8.94647595,,
2018-12-01 00:00:00,,0.1032457,
2018-12-15 00:00:00,,,0.32602903
2018-12-16 00:00:00,8.767390887096774,,
2019-01-01 00:00:00,,0.113783024,
2019-01-15 00:00:00,,,0.040548917
2019-01-16 00:00:00,8.469614774193548,,
2019-02-01 00:00:00,,0.12673278,
2019-02-14 12:00:00,7.985648471428571,,
2019-02-15 00:00:00,,,0.038649835
2019-03-01 00:00:00,,0.11192774,
2019-03-15 00:00:00,,,0.21551818
2019-03-16 00:00:00,7.462354245161291,,
2019-04-01 00:00:00,,0.08375601,
2019-04-15 00:00:00,,,-0.014266283
2019-04-15 12:00:00,7.236177373333334,,
2019-05-01 00:00:00,,0.059563316,
2019-05-15 00:00:00,,,-0.5244574
2019-05-16 00:00:00,7.521464577419355,,
2019-06-01 00:00:00,,0.049924076,
2019-06-15 00:00:00,,,0.64269334
2019-06-15 12:00:00,8.011444396666667,,
2019-07-01 00:00:00,,0.04358109,
2019-07-15 00:00:00,,,0.9680891
2019-07-16 00:00:00,8.22749464516129,,
2019-08-01 00:00:00,,0.04193352,
2019-08-15 00:00:00,,,0.5584977
2019-08-16 00:00:00,8.222896822580644,,
2019-09-01 00:00:00,,0.04431241,
2019-09-15 00:00:00,,,0.4750358
2019-09-15 12:00:00,8.607338533333332,,
2019-10-01 00:00:00,,0.049179975,
2019-10-15 00:00:00,,,0.78235894
2019-10-16 00:00:00,9.459429919354838,,
2019-11-01 00:00:00,,0.0725759,
2019-11-15 00:00:00,,,0.6152598
2019-11-15 12:00:00,10.083736333333333,,
2019-12-01 00:00:00,,0.10617616,
2019-12-15 00:00:00,,,0.5200487
2019-12-16 00:00:00,9.780839338709676,,
2020-01-01 00:00:00,,0.11050876,
2020-01-15 00:00:00,,,0.2842133
2020-01-16 00:00:00,8.696348193548387,,
2020-02-01 00:00:00,,0.109919354,
2020-02-15 00:00:00,7.814609475862069,,0.58445406
2020-03-01 00:00:00,,0.09132091,
2020-03-15 00:00:00,,,0.43980545
2020-03-16 00:00:00,7.861668641935484,,
2020-04-01 00:00:00,,0.06479964,
2020-04-15 00:00:00,,,0.47039557
2020-04-15 12:00:00,8.795562966666667,,
2020-05-01 00:00:00,,0.049533155,
2020-05-15 00:00:00,,,0.7805958
2020-05-16 00:00:00,9.97437158064516,,
2020-06-01 00:00:00,,0.04351034,
2020-06-15 00:00:00,,,-0.17040071
2020-06-15 12:00:00,10.759488833333334,,
2020-07-01 00:00:00,,0.03959735,
2020-07-15 00:00:00,,,0.4068311
2020-07-16 00:00:00,10.840820322580646,,
2020-08-01 00:00:00,,0.03734817,
2020-08-15 00:00:00,,,0.58042026
2020-08-16 00:00:00,10.341618387096776,,
2020-09-01 00:00:00,,0.044462554,
2020-09-15 00:00:00,,,0.7516652
2020-09-15 12:00:00,9.796442216666666,,
2020-10-01 00:00:00,,0.05373139,
2020-10-15 00:00:00,,,0.3655561
2020-10-16 00:00:00,9.866588774193549,,
2020-11-01 00:00:00,,0.061528955,
2020-11-15 00:00:00,,,0.6635519
2020-11-15 12:00:00,10.691429166666667,,
2020-12-01 00:00:00,,0.08569557,
2020-12-15 00:00:00,,,0.6699755
2020-12-16 00:00:00,11.570581112903223,,
2021-01-01 00:00:00,,0.11229644,
2021-01-15 00:00:00,,,0.6665427
2021-01-16 00:00:00,11.508127580645162,,
2021-02-01 00:00:00,,0.11432846,
2021-02-14 12:00:00,10.276523839285714,,
2021-02-15 00:00:00,,,0.6722018
2021-03-01 00:00:00,,0.09184401,
2021-03-15 00:00:00,,,0.4810873
2021-03-16 00:00:00,8.618087638709676,,
2021-04-01 00:00:00,,0.07353378,
2021-04-15 00:00:00,,,0.08462089
2021-04-15 12:00:00,7.62707033,,
2021-05-01 00:00:00,,0.052640982,
2021-05-15 00:00:00,,,0.38720575
2021-05-16 00:00:00,7.931370432258064,,
2021-06-01 00:00:00,,0.046336666,
2021-06-15 00:00:00,,,0.5856407
2021-06-15 12:00:00,8.9864825,,
2021-07-01 00:00:00,,0.043827254,
2021-07-15 00:00:00,,,0.80857533
2021-07-16 00:00:00,9.734130822580646,,
2021-08-01 00:00:00,,0.0420192,
2021-08-15 00:00:00,,,0.6457849
2021-08-16 00:00:00,9.601107,,
2021-09-01 00:00:00,,0.044983838,
2021-09-15 00:00:00,,,0.516964
2021-09-15 12:00:00,8.997191766666667,,
2021-10-01 00:00:00,,0.05112479,
2021-10-15 00:00:00,,,0.13186911
2021-10-16 00:00:00,8.577796806451612,,
2021-11-01 00:00:00,,0.072153226,
2021-11-15 00:00:00,,,0.17735085
2021-11-15 12:00:00,8.502224199999999,,
2021-12-01 00:00:00,,0.10435579,
2021-12-15 00:00:00,,,-0.22660743
2021-12-16 00:00:00,8.149013861290323,,
2022-01-01 00:00:00,,0.11026483,
2022-01-15 00:00:00,,,0.046565752
2022-01-16 00:00:00,6.92414230967742,,
2022-02-01 00:00:00,,0.10836458,
2022-02-14 12:00:00,5.411518375,,
2022-02-15 00:00:00,,,0.16946049
2022-03-01 00:00:00,,0.10248019,
2022-03-15 00:00:00,,,-0.04815301
2022-03-16 00:00:00,4.716518480645162,,
2022-04-01 00:00:00,,0.08680612,
2022-04-15 00:00:00,,,-0.05982546
2022-04-15 12:00:00,5.456315133333334,,
2022-05-01 00:00:00,,0.060230672,
2022-05-15 00:00:00,,,0.7752438
2022-05-16 00:00:00,7.084191893548387,,
2022-06-01 00:00:00,,0.046779994,
2022-06-15 00:00:00,,,1.6604502
2022-06-15 12:00:00,8.43185925,,
2022-07-01 00:00:00,,0.0428691,
2022-07-15 00:00:00,,,1.4542083
2022-07-16 00:00:00,8.925815387096774,,
2022-08-01 00:00:00,,0.040203933,
2022-08-15 00:00:00,,,1.1934645
2022-08-16 00:00:00,8.939323693548387,,
2022-09-01 00:00:00,,0.04201919,
2022-09-15 00:00:00,,,1.0844667
2022-09-15 12:00:00,9.370106766666668,,
2022-10-01 00:00:00,,0.049936682,
2022-10-15 00:00:00,,,0.5757161
2022-10-16 00:00:00,10.55002785483871,,
2022-11-01 00:00:00,,0.062543444,
2022-11-15 00:00:00,,,0.93613595
2022-11-15 12:00:00,11.67619175,,
2022-12-01 00:00:00,,0.08678925,
2022-12-15 00:00:00,,,0.9098711
2022-12-16 00:00:00,11.781490516129033,,
2023-01-01 00:00:00,,0.09523276,
2023-01-15 00:00:00,,,1.2279127
2023-01-16 00:00:00,10.828521951612904,,
2023-02-01 00:00:00,,0.10507841,
2023-02-14 12:00:00,9.87382655357143,,
2023-02-15 00:00:00,,,0.6464795
2023-03-01 00:00:00,,0.0992618,
2023-03-15 00:00:00,,,0.88648695
2023-03-16 00:00:00,9.701426129032258,,
2023-04-01 00:00:00,,0.06429441,
2023-04-15 00:00:00,,,0.8207897
2023-04-15 12:00:00,10.21160285,,
2023-05-01 00:00:00,,0.056196913,
2023-05-15 00:00:00,,,0.36860874
2023-05-16 00:00:00,10.861869177419354,,
2023-06-01 00:00:00,,0.051801626,
2023-06-04 00:00:00,11.163400642857145,,
2023-06-15 00:00:00,,,0.80010134
2023-07-01 00:00:00,,0.045011465,
2023-07-15 00:00:00,,,1.7588874
2023-08-01 00:00:00,,0.039442353,
2023-08-15 00:00:00,,,0.8516034
2023-09-01 00:00:00,,0.04173122,
2023-09-15 00:00:00,,,0.7074357
2023-10-01 00:00:00,,0.04329039,
2023-10-15 00:00:00,,,1.4092753
2023-11-01 00:00:00,,0.07077415,
2023-11-15 00:00:00,,,1.348947
2023-12-01 00:00:00,,0.09259859,
2023-12-15 00:00:00,,,0.96655256
